,Model,NO2 CvMAE,NO2 MAE,NO2 MBE,NO2 MSE,NO2 R^2,NO2 crMSE,NO2 rMSE,O3 CvMAE,O3 MAE,O3 MBE,O3 MSE,O3 R^2,O3 crMSE,O3 rMSE
2,"(2, 'donovan', 18)",-0.004812186237789451,-0.10404045699467979,-0.07492746646136306,-4.3315506715760534,-0.0019510227144482473,-0.20533176956072907,-0.2156336130828791,-0.004568416684740478,-0.17725115457361973,0.09593699689822466,-5.627163850369044,0.034600280548525264,-0.24698941528580853,-0.2367581168220365
0,"(2, 'elcajon', 17)",0.0008353229360302805,0.015852095541312394,-0.023439284161184126,0.7932187980693044,-0.06083326300404268,0.03482845758298936,0.04145445788508084,0.003128585198317546,-0.047044168866667846,0.04474542653934144,-2.9271946696178475,0.008472223642143173,-0.10799548991038854,-0.09178166497762952
1,"(2, 'shafter', 13)",-0.0007062704354307558,0.017237412797919127,-0.04058123170248773,-0.377339451879827,-0.0002714323671830776,-0.02632263031329174,-0.023802063805217877,0.0026157623946768682,-0.0088592572930839,-0.3582349872585895,-1.0200415141591463,-0.0023284633100957297,-0.07835149964203048,-0.037387683451648
5,"(4, 'donovan', 17)",0.06404219642531361,0.1798824282065885,-0.23334748406294192,6.658170928914316,-0.11450743412440079,0.3536895737040453,0.40785061132444067,0.01807338574968337,1.092993072746193,-0.17801269106446194,110.93352880861414,-1.2161439289457325,2.089846127145954,2.095629246534255
3,"(4, 'elcajon', 13)",-0.004962034587782382,-0.1115139655437023,-0.02407880041255872,-2.647686496341663,-0.009415147893172549,-0.12565503099038366,-0.1083541386281528,0.004656025170260425,0.10747995763888518,-0.17464822870090435,11.752415323289256,-0.04079503378412963,0.3248395110382951,0.346462840145346
4,"(4, 'shafter', 18)",-0.0003069649863811641,-0.019383558456475214,-0.08129061297023175,-0.09648864662522882,-0.0061652614242454495,-0.00951962941996154,-0.008774746247251386,-7.245370202241252e-05,-0.006122091427541498,-0.0008015985898186528,0.14951445986353207,-0.002649819298246814,0.012391157788099072,0.010749101150947737
