,Model,NO2 CvMAE,NO2 MAE,NO2 MBE,NO2 MSE,NO2 R^2,NO2 crMSE,NO2 rMSE,O3 CvMAE,O3 MAE,O3 MBE,O3 MSE,O3 R^2,O3 crMSE,O3 rMSE
0,"(2, 'donovan', 18)",-0.009381671379916301,-0.16732654018599646,-0.18120068077642504,-8.570618356344653,0.01036367715925457,-0.2922874992029314,-0.34080168740663197,0.002105557313024836,0.10987968454123376,0.3260041902768478,9.945778250459512,-0.014578245750118679,0.2554344405137403,0.3605636504294427
2,"(2, 'elcajon', 21)",0.00204551611040249,-0.11359336746579451,-0.10215589629763411,-4.071769770085922,-0.08925006558295889,-0.10634180379712888,-0.14115897572330383,0.005715479072344487,-0.0030213762512403264,-0.22154712214571282,7.125666426176622,-0.01888851290515503,0.11440750793655852,0.13962988263556042
1,"(2, 'shafter', 13)",-0.013399708016352596,-0.15291442160800184,0.003652092853033584,-6.395791883814198,0.06907499459469957,-0.40696233078040045,-0.4044247722123764,-0.0030207637058755066,-0.1892523767175156,-0.21438799188045854,-8.04478791650294,0.01093445629558254,-0.25271902843398486,-0.2999905471325288
3,"(3, 'donovan', 13)",-0.003161026499123143,-0.11082445539350516,-0.04134195837294696,-9.902610519512038,0.033602476706612205,-0.6254582499507473,-0.6212365527431967,-0.0047863704289607956,-0.1433105563623016,-0.009833332404528328,-2.403902449152099,0.005294106338204485,-0.10672496876050097,-0.10139488631445204
5,"(3, 'elcajon', 18)",-0.0032966528450538712,-0.057377134094227955,-0.017144631618008166,-1.857243619991678,0.018948424069775927,-0.10512721107675382,-0.10411594007123703,-0.0016629803085787542,-0.047387415902062635,0.06989050315090539,-0.7083495189716302,0.0037029372251579096,-0.0286836604286691,-0.040387919928843274
4,"(3, 'shafter', 21)",0.0037230504984622215,0.050857110535718064,-0.010275622292021946,3.631248621461225,0.07141122109500952,0.15372295542025327,0.15219531153783983,-0.004570779146419013,0.010282135042876561,0.09237933187159264,-2.829526868688106,0.020175648724669926,-0.05500749331946864,-0.08719884034208647
