,Model,NO2 CvMAE,NO2 MAE,NO2 MBE,NO2 MSE,NO2 R^2,NO2 crMSE,NO2 rMSE,O3 CvMAE,O3 MAE,O3 MBE,O3 MSE,O3 R^2,O3 crMSE,O3 rMSE
0,"(2, 'donovan', 18)",0.7177210144888715,7.4608094202061155,5.044435257541415,153.85427721282474,-0.1857869036027091,11.331723205172985,12.403800917977712,0.2463591034864261,10.496036461625335,5.429957614589907,195.22429192609974,0.3287692912436432,12.873999052942708,13.972268674989747
2,"(2, 'elcajon', 21)",0.9680910041997133,10.871976128290589,6.505728541159532,205.98159934294233,-2.19467198031384,12.79285326288831,14.352059062829358,0.5113843041927886,19.516530860275175,-3.1069806734602294,654.6475328820742,-0.5420848355727861,25.396736069564707,25.58608084256114
1,"(2, 'shafter', 13)",0.4409956968009632,5.980304933320707,-0.9528166189694733,59.36791562777698,0.31395570447787,7.645917617402366,7.705057795226262,0.3315299096639823,10.412527277565538,3.399693265444472,175.7853583018251,0.6696882806783193,12.815125592150165,13.258407080106762
3,"(3, 'donovan', 13)",0.42877776893387654,5.0340514425113625,-0.5582711909509382,58.667359702090536,0.5229074622341462,7.639089767291561,7.6594621026603775,0.3024675996410247,8.998333685686694,4.848740393896004,139.32173275969205,0.32902579653430697,10.761572806278592,11.803462744453089
5,"(3, 'elcajon', 18)",0.36193893278300443,5.772274973957025,3.2528121102603187,78.62466071416206,0.23813600371924315,8.248871081350673,8.867054793682176,0.2918032761524504,6.56837746191102,-1.4883477064111934,76.54727816609325,0.7534880734496799,8.621606578466688,8.749130137681874
4,"(3, 'shafter', 21)",0.6437113563714333,8.811119069079162,1.0580131809940516,144.13600664835272,-0.6949843942107026,11.958955420544484,12.00566560621912,0.5398949211305699,12.311873952818907,-6.40383403880671,261.82371437712436,0.324845754824436,14.859832517660221,16.18096765886158
