,Model,NO2 CvMAE,NO2 MAE,NO2 MBE,NO2 MSE,NO2 R^2,NO2 crMSE,NO2 rMSE,O3 CvMAE,O3 MAE,O3 MBE,O3 MSE,O3 R^2,O3 crMSE,O3 rMSE
0,"(2, 'donovan', 18)",-0.009116287706104398,-0.16018207594364586,-0.18077696635440166,-8.557132967800186,0.015046150754324472,-0.30760453936677656,-0.3563553986761221,0.003330394708962542,0.1611190524699353,0.35412881176741173,8.227047430311444,-0.00976156095609415,0.18822753599837405,0.30741791054363965
2,"(2, 'elcajon', 21)",0.016544797628283647,0.04771820026429374,0.061930084386364825,7.919139795632248,-0.31104503922226545,0.2518154153064298,0.24398543801139994,0.008659191847761705,0.130617435411569,-0.6179429493658315,11.22082210760368,-0.028097208646782335,0.088874069748897,0.24642957832136858
1,"(2, 'shafter', 11)",0.0076295367033690775,0.04624922187552283,0.06145110446066049,2.2287898563887225,-0.033872498390585926,0.1666877736780732,0.14279257496223163,0.0008154999982594169,0.039843204824311584,-0.15486595524973024,4.432326335008867,-0.01396604439206961,0.18228503459221024,0.1994992299553182
3,"(3, 'donovan', 11)",0.0006799413411822663,-0.06079338496617215,-0.13068744277184274,-3.604041439041886,0.007812391650743322,-0.2556047307113234,-0.23978532886470738,-0.0010212448967050203,0.0017936473634092565,-0.012644255165585427,1.0039083501048651,-0.0006515531622581783,0.05474054102339565,0.0506392955741255
5,"(3, 'elcajon', 18)",-0.0015287891194053493,-0.0292589788524662,-0.0754283050889093,-2.0462105823013985,0.020738753719895642,-0.09928965231440756,-0.1173496418499127,-0.002138335119006518,-0.058303474554669776,0.03909153236146201,-0.16559510907582364,0.002091855793209141,-0.0037155078136663633,-0.009001538640085016
4,"(3, 'shafter', 21)",0.00695658446087577,0.0951350277876406,0.09001489142536556,9.450038353420993,-0.030066065787446528,0.4536022441063352,0.46225610914446236,0.0028835790883832146,0.1806528387773696,-0.0322111041042934,8.10594823841052,-0.007731117888421846,0.2495929911419168,0.24453980339165327
