,Model,NO2 CvMAE,NO2 MAE,NO2 MBE,NO2 MSE,NO2 R^2,NO2 crMSE,NO2 rMSE,O3 CvMAE,O3 MAE,O3 MBE,O3 MSE,O3 R^2,O3 crMSE,O3 rMSE
0,"(2, 'donovan', 18)",0.6723019490296656,6.988671939772545,5.473357252080319,139.9082385452855,-0.07830188395499693,10.48573311395961,11.828281301410003,0.2361497274224921,10.061069854339397,5.201512133012466,183.18523417079248,0.3701626301059635,12.495179302354797,13.53459397879347
2,"(2, 'elcajon', 21)",0.9933430680309362,11.155564999555928,9.016042136192233,267.34561076909233,-3.1463972243556286,13.640256336449967,16.3507067360739,0.4656364601981815,17.77060474992821,-6.226579477830593,523.9524296659399,-0.23422002797787855,22.02685036200179,22.890007201089734
1,"(2, 'shafter', 11)",0.4377333748516877,5.8766208004871485,-2.1557103609462174,62.02646354797648,0.26535197086076734,7.574917583523634,7.875688131711189,0.2719768183241081,8.581491768261184,-1.4063498778076307,125.62777771116879,0.7635651396213261,11.119800263794003,11.208379798667103
3,"(3, 'donovan', 11)",0.4002516681176934,4.746375105542675,-0.8862614558670363,54.68970802182417,0.5498299888229317,7.341951283938529,7.395249016890788,0.256106377260596,7.659884266774199,2.1657794312386818,98.75718130695283,0.5296289068421942,9.698792819278559,9.93766478137358
5,"(3, 'elcajon', 18)",0.36949489873192537,5.892779040252586,2.5788334486350672,74.9914561603286,0.2733413415298829,8.266866057242941,8.659760744981849,0.29769607972778817,6.701022162484893,-1.2323774331892245,84.52329218315268,0.7278022146099778,9.110682661962514,9.193654995873658
4,"(3, 'shafter', 21)",0.5403903550300997,7.396861520033101,2.322172105196408,109.2605246776327,-0.2848620448024415,10.191567145785967,10.452775931666798,0.549155988926152,12.523065232649712,-5.960425541390756,278.76152566984143,0.28116890444644094,15.59598843395216,16.696153020077453
