,Model,NO2 CvMAE,NO2 MAE,NO2 MBE,NO2 MSE,NO2 R^2,NO2 crMSE,NO2 rMSE,O3 CvMAE,O3 MAE,O3 MBE,O3 MSE,O3 R^2,O3 crMSE,O3 rMSE
1,"(3, 'donovan', 11)",0.6261650488155959,7.425363680896244,-0.8137360989730739,121.60007921588401,-0.0009325520242742247,10.997177503765423,11.027242593499247,0.47145726468626675,14.100812806204035,6.712209277716495,326.59338972327504,-0.5555333567568601,16.779142861891334,18.071895023026087
2,"(3, 'elcajon', 15)",0.6739830575687205,10.69185981752959,-3.170258112127548,301.63073623251177,-1.9644283815369432,17.075719589250962,17.36751957628123,0.63024529268094,14.213977721042186,-8.918685993688229,326.28338978699094,-0.04917275450032621,15.707973443143846,18.063316134835013
0,"(3, 'shafter', 19)",0.4688392234865554,6.523754032655165,3.3929235097113275,99.1198561804204,-0.1447750961953429,9.359910562786359,9.955895548890638,0.40797382551987416,9.333122087967162,-3.238314389774879,150.18517822818214,0.635896657082679,11.819411943851074,12.255006251658223
4,"(4, 'donovan', 19)",0.7507946229957649,5.678917919311579,-2.823043213891913,58.06234307116948,0.14216798041072298,7.077624589800237,7.619865029721293,0.3578838519120422,13.359420557204148,12.261246410235435,241.36812898183368,-0.6045292184727735,9.54096250540065,15.536026808094586
5,"(4, 'elcajon', 11)",0.38390673884184623,7.425186563698726,2.8823748593215845,96.66550512518637,0.04397083366079535,9.399862770751273,9.831861732407875,0.5619390720435479,9.97961298576688,-1.9718741950818321,169.94956337311643,0.4321344547116909,12.886476441698193,13.036470510575953
3,"(4, 'shafter', 15)",0.7747259538930996,9.616384014494901,9.042029220194689,153.10124588886003,-1.1548087033031003,8.446475817194983,12.373408822505624,0.5764087208479816,11.380113847045001,-0.9633819904950423,198.44866367104717,0.2834649233782016,14.054200737108957,14.087180827654878
