,Model,NO2 CvMAE,NO2 MAE,NO2 MBE,NO2 MSE,NO2 R^2,NO2 crMSE,NO2 rMSE,O3 CvMAE,O3 MAE,O3 MBE,O3 MSE,O3 R^2,O3 crMSE,O3 rMSE
2,"(2, 'donovan', 18)",0.6616999082285736,6.878462256225063,3.11139526103404,132.2490025102948,-0.019270559337803528,11.071053361279564,11.499956630800604,0.37565050427925806,16.00444771045483,12.128172833627051,465.0113904814094,-0.5988272880035299,17.830278000608992,21.564122761694005
1,"(2, 'elcajon', 17)",1.0952360461961523,12.33006341122011,-2.8929010947219207,241.62844271287088,-2.738077520575053,15.272837355137463,15.544402295130903,0.4887884737386978,18.64280544907597,9.46597366566067,656.0626087148008,-0.5438765293085377,23.800377075760426,25.61371915038503
0,"(2, 'shafter', 12)",0.486719679931622,6.542414913108604,0.9727865444936563,169.26619207606834,-0.9317765917325858,12.973815053424541,13.010234128410923,0.35863934682950255,11.340950550614108,-1.394399046633829,209.8639063159555,0.6037811325496015,14.419415970049059,14.4866803069563
5,"(3, 'donovan', 12)",0.37214235559529135,4.414264637702329,1.3168398871667852,56.9412051203954,0.5329398885164125,7.430150579043787,7.5459396446297795,0.25514478510350863,7.62821503727997,0.6285419088673215,100.92109408225619,0.5192215847606346,10.02626695889863,10.045949137948897
4,"(3, 'elcajon', 18)",0.34522078919931093,5.505650654000181,2.4490900932639392,65.9673672822586,0.36078373368764993,7.743986380964682,8.122029751377337,0.3120358183114324,7.0238040618673265,0.10584284856201742,108.43361543829677,0.6508016994867984,10.412608351453128,10.41314627950154
3,"(3, 'shafter', 17)",0.5689053524925562,7.7871747177254225,1.3088752200143436,123.46031875089928,-0.4518462003570769,11.033909764555158,11.111269898211422,0.480642254402748,10.960664049614607,-1.9098948099669635,212.93955577491914,0.4509013616690313,14.466922874413653,14.592448587365972
