,Model,NO2 CvMAE,NO2 MAE,NO2 MBE,NO2 MSE,NO2 R^2,NO2 crMSE,NO2 rMSE,O3 CvMAE,O3 MAE,O3 MBE,O3 MSE,O3 R^2,O3 crMSE,O3 rMSE
2,"(3, 'donovan', 12)",0.008183389224007631,-0.0005443824923245799,-0.17105009645731517,-0.45811423963318987,-0.021842310231866002,-0.07393356441088095,-0.022224730281939387,0.0030236895034300715,0.12148505851355118,0.043212770663234146,6.705755771347867,-0.022258908865334215,0.21149317524526445,0.2077763069864993
0,"(3, 'elcajon', 18)",0.011916975125766616,0.18161527004619593,-0.10932624831225302,6.513201745322419,-0.06023893779723544,0.2213595478909216,0.20756437860570642,0.004175534486474675,0.07385900671449797,0.04407881282374859,4.057664586045689,-0.007130537121879721,0.16615401169288546,0.11260673476078153
1,"(3, 'shafter', 19)",0.004605322361091513,0.023763358583641647,-0.027218589670405136,7.673035811221119,-0.0491790869804799,0.5158607656481431,0.5101615329015274,0.005804166198291438,0.1873193883103479,-0.14403431757594376,5.2535886673903605,-0.009387636381130826,0.2143590474697845,0.25063177015151084
5,"(4, 'donovan', 19)",0.09279320092526033,0.12670735505546293,-0.3295019441383449,6.5826864047880065,-0.02626790459478734,0.22478018221305174,0.3704598464325013,-0.01957744505172715,-0.31220085081540816,-0.615893479055921,-0.5251936223264693,-0.11156144521197442,0.29349241520123925,-0.024012855903599473
3,"(4, 'elcajon', 12)",-0.0019379522905744184,-0.03134147214447758,-0.13860938768562375,-1.1632311676795553,0.004939046046451789,-0.05799292410256385,-0.053803541966571444,0.005381366031588231,0.03052958578391518,0.05288009328855514,-0.706125867840143,0.004988093464625476,-0.019407290258529386,-0.027995002507022804
4,"(4, 'shafter', 18)",0.0011628200110482823,-0.021887573761381063,-0.00965396404018004,-2.120038991812521,-0.011531421686217236,-0.08431996960395693,-0.082051120352153,-0.0040210559442893645,-0.09195684049138286,-0.005138932548852004,-0.8092686961909692,-0.008147790478274408,-0.029289302838110487,-0.0254911476710582
