,Model,NO2 CvMAE,NO2 MAE,NO2 MBE,NO2 MSE,NO2 R^2,NO2 crMSE,NO2 rMSE,O3 CvMAE,O3 MAE,O3 MBE,O3 MSE,O3 R^2,O3 crMSE,O3 rMSE
2,"(3, 'donovan', 12)",0.6325807445156867,7.503523232501243,-3.0169898746355157,105.99309538531595,0.13059186502141185,9.84331588228608,10.29529481779497,0.43559949716626484,13.023376641491078,7.417752686660474,263.76513794008287,-0.25655182563584233,14.44790927316333,16.2408478208523
0,"(3, 'elcajon', 18)",0.6538564705378672,10.427834641675295,1.7207656685050468,249.43073807283852,-1.416955407849568,15.69935361812155,15.793376398757756,0.5976492680270182,13.452850954920027,-10.10944594555238,326.64325227560033,-0.051917969420205656,14.98140030455817,18.07327453107489
1,"(3, 'shafter', 19)",0.382185285560726,5.317991057481884,0.7743672785371113,60.455025925585765,0.30178058376637096,7.736625965173698,7.775283012571681,0.3537356235505277,8.092327387065273,-3.6468846062975127,112.48739863069561,0.7272897474923794,9.959298744904391,10.60600766691669
5,"(4, 'donovan', 19)",0.9153077139990512,6.923274647296788,-5.126041607709708,82.25964327964458,-0.21533083566359945,7.482201560121533,9.069710209242883,0.22286833644236836,8.319436095009467,4.7386706495074975,119.32655616120755,0.2067596218770037,9.842334922367819,10.923669537349047
3,"(4, 'elcajon', 12)",0.42878542879199005,8.293190721738492,-0.3938942895493858,116.27492490264744,-0.1499678129946289,10.77588847055329,10.783085129157028,0.546169033366555,9.699549024037646,-2.0871478085586563,158.70063297809028,0.46972137088785937,12.423544177920405,12.597643945519744
4,"(4, 'shafter', 18)",0.7558378248285874,9.32874176369834,-1.8650353085444424,165.84256219916944,-1.372395961765319,12.74222135043179,12.877987505785578,0.6025814306939788,12.072881788798272,-5.701905714606707,251.56429695216838,0.09856247591771083,14.800424581095635,15.860778573328876
