,Model,NO2 MAE,O3 MAE,NO2 CvMAE,O3 CvMAE
1,"(1, 'shafter', 15)",-0.07484461757395078,0.02720353602966874,-0.009528566324333965,-0.003060605313105813
0,"(1, 'shafter', 18)",-0.16313552384598484,-0.1583340359990295,-0.04294895505289564,-0.007096430041983015
4,"(2, 'donovan', 15)",-0.5716788678968161,-0.6988770109234594,-0.05333843120955731,-0.016200967371460553
2,"(2, 'donovan', 18)",-0.7642369507972535,-0.8672683486015578,-0.07066734205441724,-0.020704077056979117
3,"(2, 'donovan', 20)",-0.4893114886093186,-0.6038043400044355,-0.0443146465392259,-0.014523358902407468
7,"(3, 'elcajon', 15)",-0.11251265363998186,-0.22146093578450632,-0.0029231583850820586,-0.012668533402139914
5,"(3, 'elcajon', 18)",0.03684289300751509,0.14681822438553027,0.0029039877792870206,0.007705380404294138
6,"(3, 'elcajon', 20)",0.13862804873063794,0.08486395163701843,0.007968266962046333,0.0066713635678100625
