,Model,NO2 MAE,O3 MAE,NO2 CvMAE,O3 CvMAE
1,"(1, 'shafter', 15)",6.6932604602366945,15.911204604991221,0.9911631524438896,0.4849221991063412
0,"(1, 'shafter', 18)",6.224726278629943,13.721072352033433,1.114718267866193,0.4171818070978984
4,"(2, 'donovan', 15)",1.4308570081341094,1.8213049323520978,0.13470611855121106,0.04241983474210561
2,"(2, 'donovan', 18)",1.3046937618989827,1.6732702516911415,0.12565283464170135,0.039241167372272914
3,"(2, 'donovan', 20)",1.491570270302709,1.9226920623867505,0.14365059296216307,0.04509055303481584
7,"(3, 'elcajon', 15)",10.64721503435827,17.43355142225184,0.6711755282262553,0.7730006289738096
5,"(3, 'elcajon', 18)",11.362814252074868,17.843260187954176,0.7124914049122086,0.7926952752454577
6,"(3, 'elcajon', 20)",12.545509103678517,16.679437336868478,0.7863742867618799,0.7413652892980848
