,Model,NO2 CvMAE,NO2 MAE,NO2 MBE,NO2 MSE,NO2 R^2,NO2 crMSE,NO2 rMSE,O3 CvMAE,O3 MAE,O3 MBE,O3 MSE,O3 R^2,O3 crMSE,O3 rMSE
1,"(2, 'donovan', 15)",0.010053481631081329,0.09183475372103,-0.08978212636746496,3.520226649717614,-0.03709272276048026,0.1969457830965915,0.17717104752107105,0.0017789949566863195,0.06296335374046613,0.09743523714371932,4.800585475813165,-0.03290509951490839,0.1736563045276398,0.17690828384588464
0,"(2, 'elcajon', 17)",-0.007301725389787017,-0.0756715137304127,0.03588439584928149,-3.108024505053635,-0.012541633163285715,-0.1445145588195853,-0.14669905016027052,0.003054638605640758,-0.05038675104883161,-0.10577226071627965,-4.395150352565878,0.011922598307939403,-0.11130395410583382,-0.13818910288149056
2,"(2, 'shafter', 13)",-0.005194270318521821,-0.04302372138072652,-0.01163480067782452,-1.3851904477567345,0.01128352345903405,-0.0878211255167658,-0.08686569804626565,0.0014616717026345594,-0.051615308669289206,-0.40778515845337004,-1.7339584916011574,-0.0012474301504029617,-0.1017703800671228,-0.06174163755302331
4,"(4, 'donovan', 17)",0.11419578882214898,0.471083915423125,-0.07034296653837036,15.03865798605122,-0.25375691350838103,0.7031625663713275,0.6611329900201586,0.005934213062980809,0.5447679182520258,1.6562267257206784,24.052557762208323,-0.3760467068830975,0.11484303822917852,0.6925634283953244
3,"(4, 'elcajon', 13)",-0.015453454380013887,-0.32955809668691316,0.341692991511918,-24.990858675827553,0.025972461786217593,-0.29286356479351383,-0.41142952104687325,0.004428977844127657,0.10293880825455481,-0.31236783877528945,16.98202323453978,-0.05865454624414923,0.48310779726267583,0.48740017273904
5,"(4, 'shafter', 15)",-0.0009988762452964872,-0.05189785339442832,-0.10228426768678656,-0.9493213372990112,0.02320864226707675,-0.0057680940106488165,-0.05524940305300419,0.00021748820371592092,0.04459333611549887,0.06406793932816157,2.710448002424954,-0.019546945888073375,0.07975853740531491,0.10220524543475484
