,Model,NO2 CvMAE,NO2 MAE,NO2 MBE,NO2 MSE,NO2 R^2,NO2 crMSE,NO2 rMSE,O3 CvMAE,O3 MAE,O3 MBE,O3 MSE,O3 R^2,O3 crMSE,O3 rMSE
2,"(3, 'donovan', 12)",0.006176774157221621,-0.03349247415920864,-0.2416729047858015,-1.4462041047941057,-0.01948642612594198,-0.10033995875267365,-0.06351006334559273,-0.0019116787489401599,-0.02378620646742924,0.15063153396199702,-0.3075055345036617,0.01244417177108681,-0.08675371739613169,-0.009009938616301838
0,"(3, 'elcajon', 20)",0.01140005675154121,0.19657370177226774,0.10105072127374015,19.387728093947203,-0.17172357299972418,0.38161324240723005,0.38826459066228836,0.012261252035528525,0.1859961345934522,-0.18457894680569709,26.06094606390525,-0.062477798563223,0.34040433208261334,0.3854299252138489
1,"(3, 'shafter', 19)",0.005212058758878757,0.029150536187353637,0.03931127766481071,7.604965768116983,-0.04273974529756941,0.474721339839153,0.47496295597290583,0.0008859200561348035,0.07273539754165625,-0.12309197475498146,2.812320319833802,-0.0035936227396643483,0.11947362717245724,0.13745741039607928
5,"(4, 'donovan', 19)",0.021761310418643154,-0.43809496175822993,-0.003990441961518432,-5.387803300694657,0.15579063174058816,-0.33757998497857766,-0.3040391422761388,-0.02529479143297586,-0.42901711609250626,-0.39206457247391224,-0.995390454364383,-0.14767026562693375,0.09423373958743397,-0.039318661365646435
3,"(4, 'elcajon', 12)",0.0089442175712946,0.1802517317045691,-0.01065968258975536,7.995660642916079,-0.08873986611975315,0.31130285696928084,0.3006594429686764,0.023041400624990827,0.3314076058281348,0.041932023311084254,18.58060179524864,-0.058121923123234054,0.6044100636674088,0.5881357127476594
4,"(4, 'shafter', 20)",0.003313138490533607,-0.024431785666379824,-0.15170159442522646,-3.2725392533684783,-0.02338245852679499,-0.037296379072151,-0.10252570801615413,-0.013290209322360469,-0.1713529929784059,0.20726075178318304,-9.990847188901967,0.039702820906838854,-0.1573094814129128,-0.2331237125596033
