,Model,NO2 CvMAE,NO2 MAE,NO2 MBE,NO2 MSE,NO2 R^2,NO2 crMSE,NO2 rMSE,O3 CvMAE,O3 MAE,O3 MBE,O3 MSE,O3 R^2,O3 crMSE,O3 rMSE
2,"(3, 'donovan', 12)",0.6890781409491137,8.1736819915046,-1.8037345546854657,128.9104660226927,-0.057387817919474005,11.209683658649372,11.353874493876207,0.4624541753952415,13.826266891450482,7.813933554244675,291.05354062568597,-0.38655115944116836,15.165618313590366,17.06029134058636
0,"(3, 'elcajon', 20)",0.9926513485790299,15.83657102071413,10.69825419103102,633.0906156588576,-5.1328680739500445,22.773624473264412,25.16129201092141,1.0243724737236817,23.046609723613937,-18.99219875578984,1156.023586262109,-2.7227019823004492,28.201417905628027,34.00034685502648
1,"(3, 'shafter', 19)",0.4114055308645799,5.724581810957221,0.07110621926043312,67.952538257532,0.2151887975009975,8.243026276991973,8.243332958065688,0.33560909282046314,7.677650969725506,-1.6815395135540459,106.05944520881488,0.7428734379512852,10.16030855984257,10.298516650897588
5,"(4, 'donovan', 19)",0.8836388965760174,6.68373561859481,-3.758226426424959,75.835502113766,-0.12041847596606936,7.85564999153343,8.708358175555597,0.2731030168158548,10.194642864134869,3.9477262388417023,159.7274051943365,-0.061810810342909805,12.005951139403681,12.638330791458836
3,"(4, 'elcajon', 12)",0.5182161276681669,10.022880660708624,3.0282855568895037,180.82725137667052,-0.7883952104855336,13.101783854688303,13.447202362449616,0.6698493634453686,11.896018160184155,-2.7011135530695856,258.8962574434382,0.13493002577800883,15.861911701555389,16.090253492205715
4,"(4, 'shafter', 20)",0.8579266753760477,10.583204921773321,7.220641231824381,253.075295340545,-2.62158892827639,14.17524727578358,15.908340433261573,0.807631260037166,16.204208141992858,-9.434913090648523,454.1862964580274,-0.622726103011594,19.10938788283085,21.311646967281234
