,Model,NO2 CvMAE,NO2 MAE,NO2 MBE,NO2 MSE,NO2 R^2,NO2 crMSE,NO2 rMSE,O3 CvMAE,O3 MAE,O3 MBE,O3 MSE,O3 R^2,O3 crMSE,O3 rMSE
2,"(2, 'donovan', 15)",0.04253339873945505,0.42511769979487113,-0.29803790373844685,16.45616348048091,-0.1453755953342295,0.626620367225712,0.5815118819812195,-0.00021717466983689482,-0.031962321316822084,-0.533969457947324,-11.030501106146858,-0.008623750934837249,-0.32798799646913324,-0.2443077212496121
1,"(2, 'elcajon', 17)",-0.005358763066973915,-0.051310469520419844,-0.28354912006024735,-4.750227026793709,-0.026431421322579585,-0.10124139068071258,-0.17455602219246025,-0.006228596242559781,-0.5791055013967821,0.464413450727033,-41.97836884118999,0.10426381635233128,-0.6114147919238349,-0.7142552364035453
0,"(2, 'shafter', 11)",0.010774954107588164,0.09266363956176793,0.004851977144802788,7.168745312164916,-0.09146365908900078,0.4856125819489643,0.4790723672371415,0.0021132672172547995,0.08245682004023003,-0.1670858459044715,9.322220251043234,-0.024718224947501533,0.34002854682382555,0.3694096934273805
5,"(3, 'donovan', 11)",-0.001066513411371095,-0.08252270008720686,-0.09719802016004164,-8.609736288547403,0.04697727967369503,-0.5665944129097227,-0.5587957081518997,-0.0032712386149517103,-0.061889785952399023,-0.053535673210075796,-4.757169884490054,0.028924224260631792,-0.1898631636635475,-0.19690041556707527
4,"(3, 'elcajon', 15)",-0.007289767569887973,-0.17386421719796985,0.06891689784003185,-4.727575318824648,0.02497821687822599,-0.1881124617106007,-0.18898090290737102,-0.00843214839905182,-0.1342620377726984,0.20398646173792656,-9.92782547796321,0.04634061656249555,-0.1620957527948299,-0.25083438649922485
3,"(3, 'shafter', 17)",-0.006096173884573619,-0.08353265023709877,0.09605721457013816,5.489577655339829,0.0208439028198677,0.24869241161678168,0.26426772401758925,-0.007088594067749754,-0.033002274946762,-0.0600984282042889,1.411403073215638,0.011883442748791384,0.015766567895035166,0.039469434532410475
