,Model,NO2 CvMAE,NO2 MAE,NO2 MBE,NO2 MSE,NO2 R^2,NO2 crMSE,NO2 rMSE,O3 CvMAE,O3 MAE,O3 MBE,O3 MSE,O3 R^2,O3 crMSE,O3 rMSE
1,"(2, 'donovan', 20)",-0.0016908252116013545,-0.10511848376171784,-0.12397022982095851,-2.3482708093283833,-0.0056956977203329595,-0.12385269297331014,-0.12324302054964775,0.0004539185099353138,0.07840520500337433,0.20956342964222596,0.37992289457369566,0.019093135530620198,-0.06084706642753979,0.014855634053569489
0,"(2, 'elcajon', 17)",-0.011291211022822822,-0.12128741611774885,0.025830019594240028,-3.241498168990688,0.01261412328491529,-0.19860137673017864,-0.19538530666269516,-0.004131971237201604,-0.32307347560053756,-0.16351554905510257,-19.710517454723544,0.048085546164937765,-0.584381878264228,-0.6055508472120561
2,"(2, 'shafter', 12)",-0.0007370348843326879,-0.00178521895348549,-0.060090012029493926,1.635996380175058,0.0012308565391966342,0.10024284748667434,0.09971909639361698,-0.0026065876421415,-0.03935647257130448,0.21428194814007562,-1.5953408872333057,0.005667803158283968,-0.06388654737845378,-0.05384655665005411
4,"(4, 'donovan', 17)",-0.03251706795353826,-0.688035556214377,0.8506127597148554,-29.87617510317807,0.41360747195006,-1.0199887851940286,-1.2894253779214644,0.0010981560185392425,0.3715766244133274,-0.31244216281984905,18.36306632002595,-0.32275389058148374,0.8258927092923063,0.5509881031290966
3,"(4, 'elcajon', 12)",0.0011506761346333771,0.02665432478854779,0.023518060883570335,0.9448029266204045,-0.012837032603077447,0.07526961109151387,0.05954070028283631,0.003912570794818382,0.0301482156362205,-0.06469158246105455,0.938984545993776,-0.002040309180188271,0.0623553399766017,0.057355731804069165
5,"(4, 'shafter', 20)",0.0036317378763767727,0.00998761534996273,-0.04672670776511367,0.47119973409277094,-0.02221687985901044,0.013391819514807501,0.031280133164976576,-0.0007830871660021721,0.027769541566547318,0.075613596108278,0.8853624061003131,-0.0022813702165838112,0.014427183049670944,0.043705451877452006
