,Model,NO2 CvMAE,NO2 MAE,NO2 MBE,NO2 MSE,NO2 R^2,NO2 crMSE,NO2 rMSE,O3 CvMAE,O3 MAE,O3 MBE,O3 MSE,O3 R^2,O3 crMSE,O3 rMSE
1,"(2, 'donovan', 20)",0.562380657850475,5.839379097195877,-0.10851954463227041,89.59325906500268,0.31105477869583964,9.464749455281478,9.465371575643646,0.22783243563873215,9.71493109030171,4.497886815204702,163.7016113207361,0.4377130968478261,11.977922419069792,12.794593050219929
0,"(2, 'elcajon', 17)",0.5606348693031057,6.3115741241868895,-2.8370975985499016,67.19819433667882,-0.03957984769064038,7.69084334093849,8.197450477842414,0.29108960852265264,11.102403660272442,3.2785401494186566,255.10766856030526,0.39966896953871245,15.631981385210583,15.972090300280213
2,"(2, 'shafter', 12)",0.42956885867423017,5.774201913495986,0.04084800480586836,68.11009498930815,0.22268300865479884,8.252782960558521,8.252884040704084,0.3626515594827607,11.467825378212934,0.7963259230322816,218.6508019794099,0.5871916488727982,14.765387466870132,14.786845572312233
4,"(4, 'donovan', 17)",1.0518324306770743,8.012125333383286,-4.649602370527832,119.69149086786067,-0.7954336037926801,9.903165614826326,10.940360637011043,0.36697147151354775,13.641438043711823,8.339643635008692,286.93830609489135,-0.8896918795895135,14.744105620282975,16.939253410197608
3,"(4, 'elcajon', 12)",0.30970431785160657,5.990028584985517,-3.167140180147869,63.42312212975559,0.3727405189905596,7.3070065521362695,7.9638635177755015,0.3309830350451278,5.878008415739628,0.5782192890513829,67.47470307168514,0.7745415857947985,8.193922464815788,8.21429869627865
5,"(4, 'shafter', 20)",0.4592296916285251,5.664961904275975,-3.0943961885229094,56.96585910694701,0.1848002217922543,6.884081009779378,7.547573060722699,0.3737680259484793,7.499232866509192,4.124003299779675,103.03455331211681,0.6318760374859466,9.275082176246256,10.150593741851598
