,Model,NO2 MAE,O3 MAE,NO2 CvMAE,O3 CvMAE
0,"(18, {(1, 'shafter'), (3, 'elcajon')})",2.9172397981508666,4.135409817033272,0.19175542245101268,0.17563855547929957
1,"(15, {(2, 'donovan'), (3, 'elcajon')})",3.3637370889541764,5.448280894884504,0.232319113959777,0.19465237430744678
2,"(15, {(2, 'donovan'), (1, 'shafter')})",5.42076387509422,7.680206472529746,0.5718361232531809,0.2019536964261599
3,"(18, {(2, 'donovan'), (3, 'elcajon')})",3.482430743311487,4.563755900667962,0.24091897970754542,0.1633420088536101
4,"(15, {(1, 'shafter'), (3, 'elcajon')})",3.1360675967397396,5.023243742108277,0.22550311114149002,0.19899764125800085
5,"(18, {(2, 'donovan'), (1, 'shafter')})",5.536771686898685,6.875374987282643,0.5601729003754466,0.16904756215736474
