,Model,NO2 MAE,O3 MAE,NO2 CvMAE,O3 CvMAE
0,18.0,-3.237506973338527,-3.7005251943188577,-0.3992306921326455,-0.00835219072838389
1,15.0,-3.018808066457275,-9.127050787868047,-0.5375922359831034,-0.2479073375889037
2,15.0,1.5069447012758008,-1.885026748268527,0.32542295915535924,-0.2224749111410792
3,18.0,-2.4863066531593,-6.334427403555577,-0.5098796201298836,-0.16025923393598349
4,15.0,-2.6006389864734123,-5.50738020011665,-0.3142949554916879,-0.04620607122064724
5,18.0,0.7088004128415415,-3.614644985304613,0.25749151266430675,-0.29683612111878693
