,Model,NO2 MAE,O3 MAE,NO2 CvMAE,O3 CvMAE
0,"(18, {(3, 'elcajon'), (1, 'shafter')})",-3.237506973338527,-3.7005251943188577,-0.3992306921326455,-0.00835219072838389
1,"(15, {(3, 'elcajon'), (2, 'donovan')})",-3.018808066457275,-9.127050787868047,-0.5375922359831034,-0.2479073375889037
2,"(15, {(2, 'donovan'), (1, 'shafter')})",1.506944701254569,-1.8850267483655179,0.32542295915311803,-0.22247491114362855
3,"(18, {(3, 'elcajon'), (2, 'donovan')})",-2.4863066531593,-6.334427403555577,-0.5098796201298836,-0.16025923393598349
4,"(15, {(3, 'elcajon'), (1, 'shafter')})",-2.6006389864734123,-5.50738020011665,-0.3142949554916879,-0.04620607122064724
5,"(18, {(2, 'donovan'), (1, 'shafter')})",0.7088004128505023,-3.614644985304637,0.2574915126652125,-0.29683612111878743
