,Model,NO2 MAE,O3 MAE,NO2 CvMAE,O3 CvMAE
0,18.0,2.917239798112484,4.135409817010236,0.19175542244849017,0.17563855547832158
1,15.0,3.363737089081508,5.448280894868588,0.23231911396857124,0.19465237430687815
2,15.0,5.420763875115452,7.680206472626737,0.5718361232554221,0.20195369642870925
3,18.0,3.482430743212759,4.563755900677218,0.24091897970071527,0.16334200885394137
4,15.0,3.136067596739717,5.023243742108246,0.22550311114148952,0.19899764125800054
5,18.0,5.5367716868897245,6.875374987282667,0.5601729003745409,0.16904756215736527
