,Model,NO2 CvMAE,NO2 MAE,NO2 MBE,NO2 MSE,NO2 R^2,NO2 crMSE,NO2 rMSE,O3 CvMAE,O3 MAE,O3 MBE,O3 MSE,O3 R^2,O3 crMSE,O3 rMSE
1,"(3, 'donovan', 12)",-0.0023386097669529926,-0.1161225041807894,-0.36429698945792777,-3.834435467105493,0.007863886890282945,-0.18302213678731327,-0.19551405853816384,0.00042444714948208784,0.03709069631440798,0.19410780677601025,1.332766997041034,-0.00015546254063758536,-0.00039932326247082983,0.05187301887901263
2,"(3, 'elcajon', 18)",0.006879395880506345,0.10218624969138368,-0.2103122978507741,1.8686387823562143,-0.01569069653338495,0.047435279751830706,0.06522227742657094,-0.002811007639841767,-0.08442727178613474,0.21020639627206883,-4.042057341187558,0.019468527507028544,-0.00048072754146843977,-0.1082552485961017
0,"(3, 'shafter', 21)",-0.001684008921069291,-0.023115266384751365,0.1185098386070923,6.131335517865999,-0.03187378637915894,0.4375497994647679,0.42288848643398413,-0.006257788276180287,-0.053452176860625755,-0.07284669744346317,-1.5477089864139373,0.011184621808277617,-0.0500472988611218,-0.06381666611488157
4,"(4, 'donovan', 21)",0.15639880884285007,0.9077461872824379,-1.2059159367472647,15.180610122050311,-0.23966876176883656,0.6005728670642556,0.9874570526467483,0.009497311092735994,0.7332852430183845,0.3618285842299276,34.17551942539046,-0.4648077391950143,0.9813713850442518,0.9323452732804576
5,"(4, 'elcajon', 12)",-0.004672668996170248,-0.08363757172475061,0.0007622775341755705,-1.562815190198421,0.007836036840326743,-0.0693349844616975,-0.06712233585937888,0.009247693509277566,0.09899276916083366,-0.1298543521229747,1.2778130797023834,-0.00181737633577983,0.028262574155261788,0.05228009686648427
3,"(4, 'shafter', 18)",0.0028625510276751864,0.007485229626746914,-0.04739523934198964,2.044933848985636,-0.05313329436301539,0.09461977495993246,0.10390055263308717,-0.0028107396492760284,-0.06539857047889619,-0.00046648973692597906,0.05003830560951883,-0.007013410455165681,0.0019471049208910074,0.002002212934343106
