,Model,NO2 CvMAE,NO2 MAE,NO2 MBE,NO2 MSE,NO2 R^2,NO2 crMSE,NO2 rMSE,O3 CvMAE,O3 MAE,O3 MBE,O3 MSE,O3 R^2,O3 crMSE,O3 rMSE
0,"(2, 'donovan', 20)",0.003913311660963981,-0.051288881606754266,-0.06060594728509128,0.9837004566126666,-0.03520744908099227,0.04779172919780983,0.04744057905434573,0.0021940744445601568,0.1565315031885408,0.08571520700365642,3.7223521228632137,0.012015654902916117,0.10973996139575348,0.13146259351562506
2,"(2, 'elcajon', 19)",-0.014553398527894446,-0.15994394509267007,-0.05749875295796286,-5.322560313240338,0.03933645371451544,-0.3333060372413579,-0.3306302449534213,-0.0010637920890653185,-0.13937640696295617,0.045751318861882107,1.197823053363635,-0.0032572041319087752,0.04024263042541776,0.04680239382897611
1,"(2, 'shafter', 12)",0.001629147081333493,0.030843256640236127,-0.023158176075496723,2.576031493672332,-0.003645700355172643,0.13742168727332604,0.13785020282390548,-0.0028066094260135177,-0.04614544055698033,0.29941784302084495,-1.0091406589270946,0.004443312634134333,-0.060584963433583994,-0.034820664132876544
3,"(4, 'donovan', 19)",0.11481833474505532,0.4546338473792044,0.19691517998164487,16.50456678759319,-0.20363820204759964,1.3240255185540546,1.1580620641786288,-0.0022263230062595785,0.3595931153241292,-0.056282438069660934,10.385775063603518,-0.17698733269247036,0.7614006173061334,0.47888781640477873
5,"(4, 'elcajon', 12)",0.005868525092052934,0.11749795512686223,0.012415448006751983,2.141738261687607,-0.024061961498724194,0.15981443606101298,0.14767956687254813,0.005078462693775099,0.04769917310619043,-0.09389442144638838,2.710394336637961,-0.007819838840611881,0.146494986946065,0.15510575878797006
4,"(4, 'shafter', 20)",0.006223608160422556,0.03612137298828966,-0.06445861481413662,1.2327671491451326,-0.03851387157994002,0.04236876709031279,0.07032549994890758,-0.001006690908042951,0.0269696680836784,0.04159036269604677,-0.9545710341648999,0.004504495891913152,-0.057605245215729184,-0.042479342172111245
