,Model,NO2 CvMAE,NO2 MAE,NO2 MBE,NO2 MSE,NO2 R^2,NO2 crMSE,NO2 rMSE,O3 CvMAE,O3 MAE,O3 MBE,O3 MSE,O3 R^2,O3 crMSE,O3 rMSE
0,"(2, 'donovan', 20)",0.5960714268834083,6.189201178935524,0.029593303656897788,107.98185081541203,0.16965203762838865,10.391389470549775,10.391431605674553,0.24468573526395057,10.433567328571245,4.591994032049659,202.2990954140682,0.3051373718735424,13.46152614446215,14.223188651426522
2,"(2, 'elcajon', 19)",0.4823963528370285,5.42955842722905,-0.362693649781243,62.1542667690693,0.03711946222347595,7.875450502027484,7.8837977377067014,0.25541676732240015,9.750464189772265,1.9916618554085128,164.3524382544559,0.6130550384488849,12.664348436155969,12.820001491983373
1,"(2, 'shafter', 12)",0.47551733428278614,6.391834617598389,-0.19521284628486876,88.59543646924948,-0.01110911875842402,9.410490328946471,9.41251488547293,0.35851779884434065,11.337106940866784,1.3857432010430222,209.4715680244949,0.6045218594150679,14.406640267740217,14.473132626508157
3,"(4, 'donovan', 19)",0.7066229602892962,5.344808911086879,-2.5140513652571848,59.36661331156087,0.12289826590688835,7.2832794077971945,7.704973284285992,0.25417482461370716,9.488073739361308,7.887519589604786,122.8347697602156,0.1834382693521408,7.786000538417978,11.083084848552572
5,"(4, 'elcajon', 12)",0.2860246079558351,5.532036458353952,-2.2875238599361363,53.657701375817894,0.4693212697997343,6.958802755558359,7.325141730766572,0.3583770443847487,6.364505306485666,-0.9159520784026183,77.7006790309077,0.7403727459405878,8.767081147033025,8.814798865028498
4,"(4, 'shafter', 20)",0.5382373404765508,6.639583817949028,-4.731822692289774,77.4380011460489,-0.10816271971946456,7.419424179988958,8.799886428019905,0.40530005576297135,8.13188739529754,3.390615516002333,125.76431700968105,0.5506666721771203,10.689623192831691,11.21446909174398
