,Model,NO2 CvMAE,NO2 MAE,NO2 MBE,NO2 MSE,NO2 R^2,NO2 crMSE,NO2 rMSE,O3 CvMAE,O3 MAE,O3 MBE,O3 MSE,O3 R^2,O3 crMSE,O3 rMSE
0,"(2, 'donovan', 20)",0.00580096473171321,-0.06624510928531713,-0.20839660641847946,-3.2238168160604914,-0.02110003805184557,-0.03883332570449838,-0.12149811032054636,0.0038052342310885834,0.2481088371255158,0.4801584252823581,16.272237479405533,-0.011516832500618301,0.2145598236595987,0.42680489918746645
1,"(2, 'elcajon', 19)",-0.012514424392898738,-0.1339628166868998,-0.40532301543274496,-4.713256561460412,-0.06361260018110348,-0.13322831324403062,-0.16206606810366786,-0.0010392076368213599,-0.16039051797662474,-0.06139706808289924,-6.0243150060451285,0.013465446856162133,-0.17857869736782916,-0.18504458957577086
2,"(2, 'shafter', 13)",-0.01254402643142094,-0.14008848120969652,0.0523143600509981,-3.5225568156307006,0.03587720230891356,-0.21711532132470435,-0.22028807462387867,-0.0018807639969927736,-0.1630030444151025,-0.24686098510290622,-7.801063014191584,0.009481913584754253,-0.21165463561509945,-0.2608312137894
3,"(3, 'donovan', 13)",-0.0033647357430349745,-0.12359445777406819,-0.05321830725407728,-7.37913176175401,0.0006617523440191064,-0.4128347794678895,-0.40501517239891527,-0.0016794671495527491,-0.05094493031519676,0.023349473383517783,-0.008774478001186026,-0.007302851181182124,-0.01177143959282212,-0.00034084797540323564
4,"(3, 'elcajon', 20)",0.0004379148761359808,0.013524906401529257,0.023665906881555898,-0.0702214477900327,0.00300550027949964,-0.023263420204498786,-0.0037288613397592485,-0.00034453633024134067,-0.036195671135689444,-0.028423743270756918,2.070096162985891,-0.004204415495913327,0.09333884869279174,0.09051957256919962
5,"(3, 'shafter', 19)",-0.0027346416819556962,-0.0966242053944999,-0.09093818760300243,1.8142220112528662,0.0855235213745591,0.09938356406045301,0.07574994832093473,-0.00603384665539225,-0.06258041427897965,0.054938366295800733,-12.269884200235992,0.03660973061434358,-0.46126255056436705,-0.41979153021342697
