,Model,NO2 CvMAE,NO2 MAE,NO2 MBE,NO2 MSE,NO2 R^2,NO2 crMSE,NO2 rMSE,O3 CvMAE,O3 MAE,O3 MBE,O3 MSE,O3 R^2,O3 crMSE,O3 rMSE
0,"(2, 'donovan', 20)",0.8205695846563094,8.520237695853943,5.379532401517776,174.4035375958364,-0.3411107605541637,12.060852761028919,13.206193153056502,0.3343851857219038,14.25841332819327,9.820761428039763,371.57399586831696,-0.27629282169569747,16.58694187401355,19.2762547157978
1,"(2, 'elcajon', 19)",0.8747232023852385,9.84534959079192,0.8447639536944367,209.09521010428492,-2.2392580399951187,14.435428092037462,14.46012483017643,0.3124487642632389,11.927644841115043,2.0853772911772284,261.9699813727496,0.38322810755698256,16.05058201220906,16.185486751183902
2,"(2, 'shafter', 13)",0.46113487590384056,6.2534106189671705,-0.5430180088402933,62.176340659260056,0.28150208113811004,7.8664777443472085,7.885197566279494,0.3665412844167461,11.512147203284197,3.1708051239828454,219.74564876493037,0.5870841362545456,14.480733530873131,14.823820316130737
3,"(3, 'donovan', 13)",0.4893889142824043,5.745654622015465,-0.9778382508998579,79.33803996390735,0.35481011894931935,8.85335373818609,8.907190351839763,0.3269962503008491,9.728054765758381,5.655740861209659,165.67220394936783,0.20212178761034072,11.562214287580892,12.871371486728515
4,"(3, 'elcajon', 20)",0.4369131309792771,6.970429082215691,5.816219962807358,88.6247645527542,0.14147520806120262,7.4024556452075645,9.414072686821267,0.32002520068821416,7.200013755906521,0.9782121527981814,131.78539937732128,0.5756161264092274,11.4380286862432,11.479782200778955
5,"(3, 'shafter', 19)",0.5457956729010691,7.5945794287755355,2.714268803497749,144.31086978454118,-0.6667042932237945,11.702290995744644,12.01294592448252,0.4753294241073025,10.874000413000672,-7.746977335835583,207.48567687935784,0.49697946594665277,12.143723458489204,14.404363119532839
