,Model,NO2 CvMAE,NO2 MAE,NO2 MBE,NO2 MSE,NO2 R^2,NO2 crMSE,NO2 rMSE,O3 CvMAE,O3 MAE,O3 MBE,O3 MSE,O3 R^2,O3 crMSE,O3 rMSE
2,"(2, 'donovan', 20)",0.5609728659318184,5.8247615412962395,-0.005108551618239879,91.09708681973918,0.29949079546649215,9.544478027184898,9.544479389664959,0.22160243310508862,9.449279515550854,3.379035258815549,158.09649455140837,0.45696570972441286,12.111094706263918,12.573642851274581
0,"(2, 'elcajon', 17)",0.6973913100643708,7.851165148729531,-0.6660246872966408,130.34534929754196,-1.016488682582942,11.397445359502338,11.416888774860775,0.3526709950638317,13.451169783561356,-3.3459903565863933,415.08353064253237,0.02320645598611193,20.096962083627393,20.37359886329689
1,"(2, 'shafter', 11)",0.38811439881978654,5.210480351985272,-0.359386196086794,56.73767166433222,0.3279929842540512,7.523862911788696,7.532441281837663,0.32582337631113145,10.280474045361675,0.9825449325519233,172.0317546441673,0.6762316055330819,13.079233934398118,13.116087627191552
5,"(4, 'donovan', 17)",0.8360030128820454,6.368087466161621,-2.3440557872095416,72.51037466303765,-0.08769272025646457,8.186316429705652,8.51530238236069,0.3673843481387201,13.656785914974828,3.5388687114911344,308.46620708752005,-1.03146834800194,17.202982732742647,17.563206059473313
3,"(4, 'elcajon', 11)",0.24263008525264607,4.692737758138698,0.6294937594565527,41.11591279188335,0.5933605087068654,6.3811950285514465,6.412169117536074,0.3453010734091285,6.1322859499008695,-2.3925941403351243,59.12375445184395,0.8024452526095784,7.30747888981213,7.689197256661059
4,"(4, 'shafter', 20)",0.4640905406082833,5.7249243256845705,-3.7654614664473756,54.18440886528573,0.22460366995655368,6.325006623565476,7.361005968295755,0.3515755388397042,7.053965703023548,3.0866132153921124,90.30187872919846,0.6773675980371647,8.98747450407678,9.502730067154305
