,Model,NO2 MAE,O3 MAE,NO2 CvMAE,O3 CvMAE
0,"(18, {(1, 'shafter'), (3, 'elcajon')})",1.092371069830334,1.6583417855188178,0.07180351649574869,0.0704328636305368
1,"(15, {(3, 'elcajon'), (2, 'donovan')})",1.1312406638450139,1.5572426932987973,0.07813001484650924,0.05563607924623347
2,"(15, {(1, 'shafter'), (2, 'donovan')})",1.7745545790144854,2.658416467917907,0.18719767810347365,0.06990398425569347
3,"(15, {(1, 'shafter'), (3, 'elcajon')})",1.1393361406852893,1.8836883624229521,0.0819254803779005,0.0746230046225047
4,"(18, {(1, 'shafter'), (2, 'donovan')})",1.913504160872017,2.5356802555910543,0.19359533610759463,0.06234577261765425
5,"(18, {(3, 'elcajon'), (2, 'donovan')})",1.226764341265836,1.5766200810072855,0.08486911448476396,0.056429023995998355
