,Model,NO2 MAE,O3 MAE,NO2 CvMAE,O3 CvMAE
0,18.0,-5.50527252212369,-8.01637604015168,-0.5617100782286042,-0.15673320519352096
1,15.0,-4.8128554521570575,-10.666320227467645,-0.6388922628481859,-0.31551543910732016
2,15.0,-6.179628950483019,-11.943912023865064,-0.3135959059325545,-0.5780306563242488
3,15.0,-4.6111907745113525,-7.496805412667414,-0.45917301680313805,-0.14380013071633366
4,18.0,-4.074055195122097,-17.543802660166882,-0.18178443978533196,-0.8294259764848039
5,18.0,-5.36924404301364,-11.761026032529834,-0.744832969979202,-0.3396075206046491
