,Model,NO2 CvMAE,NO2 MAE,NO2 MBE,NO2 MSE,NO2 R^2,NO2 crMSE,NO2 rMSE,O3 CvMAE,O3 MAE,O3 MBE,O3 MSE,O3 R^2,O3 crMSE,O3 rMSE
1,"(2, 'donovan', 18)",-0.0033005858990045045,-0.09247767807780871,-0.05312593531335774,-4.442696171009359,-0.0020646127178256535,-0.21335844657724223,-0.21818732652597106,-0.004281693609891335,-0.16551415566544492,0.1266225796162243,-6.885372205579586,0.03843829245100794,-0.3007181587959291,-0.2952314728848293
0,"(2, 'elcajon', 19)",-0.01649050053569817,-0.1818832735365996,-0.05143501453681931,-4.557016066684717,0.03364966267201164,-0.3140206256873439,-0.30580511612736316,-0.004693384984535892,-0.277044579078364,0.11612013372135666,-8.31092868053392,0.019130202403695673,-0.37001286836932934,-0.32972316388648615
2,"(2, 'shafter', 12)",-0.0033002814342620312,-0.03613872612125668,-0.12902604065152617,0.08326960998097377,0.020184108867141393,0.009734646386515777,0.004953981997134704,-0.004993924948277995,-0.1170110347124762,0.158735791539109,-5.369315469240007,0.012475192397209067,-0.21278963627266023,-0.19415482073220502
4,"(4, 'donovan', 19)",0.06467424251579945,0.11487481241343911,0.32386768312908987,6.668220396009637,-0.06831728133516868,0.7013680944348737,0.5599609622031263,0.0042214229545607385,0.5559731032087534,-0.5761677190343963,16.703508734805254,-0.20101519401528645,1.5516332245208897,0.8273123881204665
3,"(4, 'elcajon', 12)",0.004647329259683419,0.09396891751807246,0.0486753631194734,2.6942062902535113,-0.029754185009374212,0.20540543737919137,0.17852479520724263,0.0052070400407743245,0.05513383611266143,-0.12625744778777956,0.6594601547150916,-0.0011913605631151958,0.045204283374292054,0.04197487180507764
5,"(4, 'shafter', 18)",0.001632641926890832,0.005020430723807312,-0.0625629531769989,0.39349101066620307,-0.013005306378914283,0.03642716542518798,0.036044102770421915,5.784543143708132e-05,-0.0030211647986968515,-0.010775579807448032,-0.1084387199436776,-0.0012930956107783942,-0.004687108902069248,-0.00875395886917918
