,Model,NO2 CvMAE,NO2 MAE,NO2 MBE,NO2 MSE,NO2 R^2,NO2 crMSE,NO2 rMSE,O3 CvMAE,O3 MAE,O3 MBE,O3 MSE,O3 R^2,O3 crMSE,O3 rMSE
1,"(2, 'donovan', 18)",0.6026043463610137,6.264155700093564,1.1935486314625452,101.44171983647568,0.21816757362790296,10.000858037871907,10.07182802853959,0.20041041480512836,8.538409952445637,0.5445107663454984,132.55738523981694,0.5442340357976916,11.50047361311336,11.513356818921967
0,"(2, 'elcajon', 19)",0.46288769347078046,5.209980884316453,-0.9004469481690935,53.260036094186574,0.1749069716016961,7.24218415895301,7.297947389107883,0.24947461354745,9.523624118933697,3.1788040323467457,154.70451889082236,0.6357697229820681,12.02496251992296,12.438027130169091
2,"(2, 'shafter', 12)",0.432371466567797,5.811874159830968,0.2464273005048691,70.67408296176345,0.1934210994340424,8.403175426842608,8.406787909883503,0.34193068153191236,10.812586475166421,1.5911247813524272,188.5219516786576,0.644074317042399,13.637825101789735,13.730329627458241
4,"(4, 'donovan', 19)",0.59995698378031,4.538000621809658,-1.7449971936347726,38.864797786922246,0.42579878432362306,5.984963038373953,6.234163760034079,0.2349607248206109,8.770831990697136,6.124457841402633,110.43276471858599,0.265882374714697,8.539542198674518,10.508699477984228
3,"(4, 'elcajon', 12)",0.2911343518948897,5.630864632495066,-2.4219811204896122,58.29338622988604,0.4234739955243184,7.240676327390587,7.635010558596893,0.31567436018967776,5.606137926601451,0.1367953303967757,62.03773025269693,0.7927085611802783,7.8752153679920625,7.876403383061137
5,"(4, 'shafter', 18)",0.31671159660190307,3.9089346963256237,0.002022468652904406,29.99192011898932,0.5709623076708915,5.476487594500882,5.476487936532803,0.22260392308152704,4.45992974923061,2.5776706580218214,38.3076698529786,0.8627310334415357,5.627013753838336,6.189319013670131
