,Model,NO2 CvMAE,NO2 MAE,NO2 MBE,NO2 MSE,NO2 R^2,NO2 crMSE,NO2 rMSE,O3 CvMAE,O3 MAE,O3 MBE,O3 MSE,O3 R^2,O3 crMSE,O3 rMSE
1,"(2, 'donovan', 18)",-0.011826360616683074,-0.1780217518080729,-0.10074621115662441,-7.058093424074244,0.017462754591185625,-0.3328565541991324,-0.34578064423926946,-0.0009983284190849817,-0.025512184244579572,0.2788173783034513,-0.4812610809631508,0.017759183442578985,-0.06905752214595218,-0.019526959691061663
0,"(2, 'elcajon', 21)",-0.0014774999362393015,-0.0750197337128169,-0.09889258417074742,-1.3201902758402326,-0.008638705563893567,-0.11882471323313837,-0.10507523689266307,-0.0009888090635225832,-0.14085849822790308,-0.003805081909247887,-3.4488598847567005,0.007684943985770021,-0.15083692155189254,-0.14926193739567317
2,"(2, 'shafter', 13)",-0.0022608674679328034,-0.0003293303228035782,0.06712105053170275,-1.0979352326637724,0.00689738676765006,-0.06563201819911235,-0.062067381123167564,0.0035828855554990713,0.009972236558535741,-0.38147528411525844,-0.6791231420092174,-0.0038494081199145214,-0.05431854958171556,-0.02263973729444757
4,"(4, 'donovan', 21)",0.15302307361050904,0.8575246481822587,-0.5940032818621983,16.62692208487266,-0.26168606477671963,0.8824832462004162,1.063005939232629,0.02651897169333073,1.2598025495597014,0.6868785573900915,34.776083023283064,-0.3693031663895454,1.0214115056287305,1.2183200386133404
3,"(4, 'elcajon', 13)",-0.005009233793172974,-0.12050018590157663,0.20805976682224836,-1.39325967246873,-0.061397410180437983,0.006575669734356637,-0.039084085881604835,-0.0042751435958111594,-0.05077838730709239,-0.35964180110557675,-1.7754529496619398,0.005443988031501479,-0.04473745401433682,-0.058375471991707784
5,"(4, 'shafter', 18)",0.0003348801010058522,-0.011640285215176682,-0.03787787525434519,0.0038920780419111622,-0.007776928148479412,0.0004360797401998795,0.00034960787193227816,2.8691360728805293e-05,-0.003839546999151011,-0.013966147307625132,0.03362948669688848,-0.002016868957115503,0.010512908119024722,0.002554221354000852
