,Model,NO2 CvMAE,NO2 MAE,NO2 MBE,NO2 MSE,NO2 R^2,NO2 crMSE,NO2 rMSE,O3 CvMAE,O3 MAE,O3 MBE,O3 MSE,O3 R^2,O3 crMSE,O3 rMSE
1,"(2, 'donovan', 18)",0.561969238172607,5.841748118536176,1.8463927559143753,100.66383861038825,0.22416286597311963,9.8617784061984,10.0331370273902,0.20509149216893646,8.737845483728636,2.2818380223771935,151.61556181238805,0.47870718336452645,12.099949465760995,12.313227107967597
0,"(2, 'elcajon', 21)",0.41182751128751033,4.624956592167104,-0.8595399722284632,38.807683692246414,0.39811216095041024,6.169997913580186,6.229581341651011,0.23480536406014887,8.961139589670388,-1.403057401458615,131.75399834184827,0.6896408637262128,11.392340769028456,11.47841445243411
2,"(2, 'shafter', 13)",0.476311217582995,6.459215690699131,0.4916197387484026,77.68078496029126,0.10233568367431978,8.799948627099244,8.813670345564965,0.3671284138190326,11.530587472890536,-1.428789963433963,224.61486816602255,0.5779345674413816,14.918894978367494,14.98715677391888
4,"(4, 'donovan', 21)",0.9117182066626454,6.944832967173669,-4.9069078363631125,69.75945934356886,-0.046427582944279955,6.75882495995962,8.352212841131916,0.3296249682179533,12.253155710060925,9.912970525078759,221.4532699597542,-0.4584265574255528,11.098931718034487,14.88130605692102
3,"(4, 'elcajon', 13)",0.6973589857186014,13.491479163090217,-3.793863083813982,316.9942492610159,-2.1284566564809486,17.395426066728945,17.804332317192237,0.6827930625757102,12.110625012017701,0.3983514964173751,230.37153479567857,0.21479058854611632,15.172766730626831,15.17799508484828
5,"(4, 'shafter', 18)",0.32881268458430224,4.058289387423805,-0.006240247479217784,30.98617428748592,0.5567393932209995,5.5665191700659316,5.56652263872931,0.23504725993637993,4.709235365458815,3.141106360978457,43.354273290535154,0.8446473953303568,5.7868578798412535,6.5843961978707775
