,Model,NO2 MAE,O3 MAE,NO2 CvMAE,O3 CvMAE
0,20.0,4.905575465263496,6.460623356388385,0.3404679264413887,0.23074681264830402
1,21.0,3.6928156892907547,6.2193163649711405,0.42724878979559,0.1631489045499248
2,18.0,4.808824370425007,5.508052153142649,0.34320030230338583,0.1939163664991242
3,19.0,3.8179332500464374,6.411824056160951,0.44172455325436916,0.16819888385503748
4,15.0,5.30865867608142,7.205976481112866,0.40216504792550933,0.24810509909320044
5,17.0,3.379753259397341,7.288419970921058,0.3002140494138025,0.19109225182252407
6,11.0,4.603458438614217,5.816644444954217,0.433103044777057,0.18495168338083137
7,12.0,4.164287588041823,6.683116456817967,0.39238019913290345,0.2125417889780992
8,13.0,5.57830082761984,7.970325097458501,0.5357465610496032,0.2531288186659104
