,Model,NO2 MAE,O3 MAE,NO2 CvMAE,O3 CvMAE
0,20.0,-0.011830803892844521,0.018416408430175224,-4.4222273432703574e-05,0.000612688228104008
1,21.0,-0.05862649877063397,-0.0767523528081,-0.001907788416032119,-0.00040936719180126313
2,18.0,-0.03753828653042124,-0.003734029457579169,-0.0016683494631152262,-0.00048629894269752727
3,19.0,-0.08414430970767883,-0.04969773586012227,-0.004699600871838405,0.00034477218588216396
4,15.0,0.005756563818672511,-0.01960027388290886,0.002296869804634616,-0.0013824303082586309
5,17.0,0.029143656077289304,0.013123531695798718,0.0023215788355375744,0.0031067101714255807
6,11.0,-0.046897970826771385,-0.035057811745579315,0.0019227862975941812,-0.0017624114936971857
7,12.0,-0.09669061608604146,-0.05956538307032755,-0.0040862650135757295,-0.0023396366491087173
8,13.0,-0.07641162260313816,-0.1067629689861409,0.0004599599460785031,-0.003443442547591824
