,Model,NO2 MAE,O3 MAE,NO2 CvMAE,O3 CvMAE
0,20.0,-0.08372333878712634,-0.009625965650419843,-0.0037761925696044862,-0.00030280299597965077
1,21.0,-0.013445464220162684,0.0011900551380836788,0.0021585267700262034,-0.0005997852127438141
2,18.0,0.04457828101714423,0.12243284856529701,0.0041864875801913,0.0020061702756549726
3,19.0,-0.005047478795766391,0.03696565845045363,0.003254181478898721,0.0003214932237277368
4,15.0,0.007940671842943559,-0.036020561276060015,-1.6303300334141735e-05,-0.0018429117913887072
5,17.0,0.029143656077289304,0.013123531695798718,0.0023215788355375744,0.0031067101714255807
6,11.0,-0.09551474597439569,-0.015411867877072716,0.00034903493313465095,-0.0015441351550681826
7,12.0,-0.05291795679204281,0.06516537028958069,-0.0007179490751141326,0.0010922041924338044
8,13.0,-0.056178856561956536,-0.0894648399448208,0.0025264827084003905,-0.0038990487012378616
