,Model,NO2 MAE,O3 MAE,NO2 CvMAE,O3 CvMAE
0,20.0,0.004430112657959562,0.07027164040136658,0.005703790197841063,7.071648554890508e-05
1,21.0,0.06617593243593767,-0.032318782034355564,0.007165561830056066,-0.0006197241885986804
2,18.0,0.15706259262681943,0.1798631762033791,0.01054386205929686,0.004038847025496339
3,19.0,0.05208942837247221,-0.013201847452134707,0.005516952090581506,-0.00011191117723743926
4,15.0,0.04182271200773169,-0.0739228128109124,0.00469967580753472,-0.004317376437727338
5,17.0,0.029143656077289304,0.013123531695798718,0.0023215788355375744,0.0031067101714255807
6,11.0,0.027527367194888797,0.07152196503337738,0.00122806459342778,0.001861146792973084
7,12.0,0.046105375325774745,0.11546819489884186,0.006066355544921798,0.0033764735607199614
8,13.0,-0.009502040566289338,0.012739858811736227,0.0013738931939171195,-0.0006193391939242621
