,Model,NO2 MAE,O3 MAE,NO2 CvMAE,O3 CvMAE
0,20.0,4.887944318681903,6.444643421618589,0.33855365094413165,0.2306722179572818
1,21.0,3.676891036667171,6.226018289506553,0.4262517210855944,0.1631534005623803
2,18.0,4.786326694983084,5.496565672466015,0.3419341437038801,0.19351376923177313
3,19.0,3.806505600735396,6.4218577925439115,0.4412775759344013,0.16828539333838033
4,15.0,5.301882052255253,7.213557172817494,0.4012189311724398,0.24859585972546863
5,17.0,3.379753259397341,7.288419970921058,0.3002140494138025,0.19109225182252407
6,11.0,4.578848795490959,5.799256816050872,0.43292905585803565,0.184272668912537
7,12.0,4.144482676052089,6.673055767150958,0.39101774769095127,0.21208488197510905
8,13.0,5.568965338842446,7.949883882737975,0.5359821361905164,0.2524750438774044
