,Model,NO2 MAE,O3 MAE,NO2 CvMAE,O3 CvMAE
0,20.0,5.181725741240858,6.553797254413504,0.35863302812351505,0.23456135557149296
1,21.0,3.687745742812417,6.210046856038831,0.4277338364503817,0.16318043920455486
2,18.0,4.495571193476089,5.214068190374654,0.32402286503344574,0.1844579414871138
3,19.0,3.790837932930464,6.406174117661942,0.4396912817469316,0.1683340448751021
4,15.0,4.775499126501895,6.76798330686757,0.36861095223022555,0.23386337386974473
5,17.0,3.379753259397341,7.288419970921058,0.3002140494138025,0.19109225182252407
6,11.0,4.717182457218114,5.831351610761,0.445354527753701,0.18537456182618944
7,12.0,4.0310019348908455,6.638803212343421,0.38047781016104015,0.21110404953366466
8,13.0,5.679459453871802,8.010020292977552,0.5465552064755954,0.25458507013408377
