,Model,NO2 CvMAE,NO2 MAE,NO2 MBE,NO2 MSE,NO2 R^2,NO2 crMSE,NO2 rMSE,O3 CvMAE,O3 MAE,O3 MBE,O3 MSE,O3 R^2,O3 crMSE,O3 rMSE
0,"(2, 'donovan', 18)",0.5697910957235363,5.9230574118707775,1.70997304173563,99.15088285947427,0.23582353051663785,9.809529827631321,9.957453633307777,0.19979522896566815,8.51220019234231,1.236249977312052,143.35307736192306,0.5071157038363199,11.909020247815588,11.973014547803867
1,"(2, 'elcajon', 19)",0.4552004772832261,5.123458278605194,0.18838081837501322,51.229861220213,0.2063580042668398,7.155024381324544,7.157503840041793,0.25176428923665156,9.61103185276337,4.122724477764474,154.95574085794263,0.6351782557945984,11.745589971323094,12.448121981164173
2,"(2, 'shafter', 11)",0.48656924234968263,6.5322479270360185,-2.7336019600193646,71.49886008685017,0.15315989911503158,8.001642357157303,8.45569985789764,0.30898311312251087,9.749125157544755,1.7743895626543813,154.0844047735461,0.7100090012503213,12.285599145232617,12.413073945382994
3,"(4, 'donovan', 19)",0.6210281441591708,4.697380279829499,-1.876247261414269,40.05862869980732,0.4081607365136506,6.044693951891632,6.329188628869211,0.23716200467693377,8.853003408065101,6.157168078877677,112.78618768512202,0.25023765836726186,8.653061245882723,10.620084165632681
4,"(4, 'elcajon', 11)",0.2501147918112255,4.837500370901497,1.3995062337385713,39.70085981330902,0.6073554898294513,6.143471502655106,6.300861830996536,0.3256650842574801,5.78356563114186,-2.0175544170091175,49.917439610887605,0.8332070203569766,6.771034912282749,7.06522749887699
5,"(4, 'shafter', 18)",0.3537313745817655,4.365842167186721,-0.8251325701222527,35.123476484767814,0.49755483350799545,5.868784581940417,5.926506262948502,0.27022106594713896,5.413952073275313,3.8912505361617455,60.55809097410671,0.7830004644847189,6.739158718131662,7.781907926344716
