,Model,NO2 CvMAE,NO2 MAE,NO2 MBE,NO2 MSE,NO2 R^2,NO2 crMSE,NO2 rMSE,O3 CvMAE,O3 MAE,O3 MBE,O3 MSE,O3 R^2,O3 crMSE,O3 rMSE
1,"(3, 'donovan', 12)",0.00752909296080051,-0.017969523266613052,-0.23820015529891647,-1.220378772087571,-0.021084407852737463,-0.07324128383878659,-0.05378924455698453,0.002609381451520898,0.11133995561839782,0.11899452168537472,4.311890764869702,-0.008960277803300665,0.07630005373045634,0.12255102608027357
0,"(3, 'elcajon', 20)",0.0078023790761071465,0.13575221757598577,0.011227284217263822,8.475490217907918,-0.07167334498230016,0.2196577133772628,0.21133756465140863,-0.003902163045524709,-0.14495614622555664,0.10886025273716982,-6.742851220685679,0.02872996884515655,-0.14093162218347643,-0.17615339133724106
2,"(3, 'shafter', 17)",0.001227013394207943,0.016730348274863083,-0.005645893769693711,6.264300525822591,-0.028389601453588598,0.40928657528510737,0.4083327336930642,-0.0007784013694456804,0.06867418949377324,0.06911249988567514,1.5609522484955392,0.002965187602557484,0.05027110128452428,0.06494442836640069
4,"(4, 'donovan', 17)",0.0560710598495433,-0.15998638344952631,-0.32076099947601144,-12.278571793415153,0.12241539172440552,-0.42549949135107745,-0.37985035628470776,0.03972731585110334,1.9470738313122489,0.4025382042397272,121.24521745271579,-1.1991245988431025,2.7086155067499007,2.491094591412118
3,"(4, 'elcajon', 12)",0.0005536449087174544,0.018655412631513713,0.03406901613333346,1.8335168374513557,-0.028772548777105555,0.058028127188498146,0.06629634326767686,0.006989789672288138,0.06284297364709701,0.011815911100402199,1.8652610557979017,-0.0037735465514560085,0.07599898233917735,0.07613652489614786
5,"(4, 'shafter', 20)",0.0005501996460297587,-0.03520020364139942,-0.12671928925107223,-2.4078872565655445,0.008979281480422374,-0.13546615961539388,-0.12564760365586558,-0.008884947601512372,-0.09714113991179651,0.09535745266424644,-4.064145438986998,0.017096514048471123,-0.13310464498882624,-0.11804112512860243
