,Model,NO2 CvMAE,NO2 MAE,NO2 MBE,NO2 MSE,NO2 R^2,NO2 crMSE,NO2 rMSE,O3 CvMAE,O3 MAE,O3 MBE,O3 MSE,O3 R^2,O3 crMSE,O3 rMSE
1,"(3, 'donovan', 12)",0.69374348750383,8.229021229324406,-1.0339218074971546,128.07863970103506,-0.05056476432046897,11.269855582015989,11.317183381965455,0.4663816003927221,13.943687447043718,8.16642007918646,311.6461257828876,-0.48465226057956534,15.651060947244336,17.653501799441596
0,"(3, 'elcajon', 20)",0.7604310196134741,12.131772012098434,6.536369174067563,406.3324238768314,-2.936218746840132,19.06851588789537,20.157688951782927,0.6399439552589399,14.397632658193602,-9.297185234637954,362.9432708702741,-0.1687734143038775,16.628458061801663,19.05107007152811
2,"(3, 'shafter', 17)",0.4012905599876657,5.49286395268836,0.42529772567456303,62.01168289412788,0.27076629075257663,7.86325663082588,7.874749703586005,0.41013202860639686,9.352734472185729,2.824939922311783,145.20422623289662,0.6255677221912541,11.714262274618118,12.050071627708137
4,"(4, 'donovan', 17)",1.5018021283411314,11.43968043509117,-2.2748196020154308,255.1193210507783,-2.8269203488911954,15.809633668618764,15.972455072742521,0.5599506198701591,20.81505588702093,13.435666624751608,654.401816786029,-3.3096992381359867,21.768892594496602,25.581278638606573
3,"(4, 'elcajon', 12)",0.5579965197521637,10.792278024484629,4.872987223722678,192.13669077126758,-0.900246422582115,12.976543679031233,13.861337986329731,0.5166053837323341,9.174520962323745,0.15440025043554556,150.98309633821884,0.49550856954433065,12.286547902654172,12.287517907951095
5,"(4, 'shafter', 20)",0.550042932493688,6.7852151441756545,-0.7770742690585317,90.61294118805029,-0.29670035205774536,9.487312434112024,9.519083001426676,0.6899342457598004,13.84275061624804,2.5182359062780173,294.32610451776856,-0.05157433485631158,16.970108796335783,17.15593496483851
