,Model,NO2 CvMAE,NO2 MAE,NO2 MBE,NO2 MSE,NO2 R^2,NO2 crMSE,NO2 rMSE,O3 CvMAE,O3 MAE,O3 MBE,O3 MSE,O3 R^2,O3 crMSE,O3 rMSE
2,"(3, 'donovan', 13)",0.003479753890077264,-0.08402622453507291,-0.07746104671463871,-14.372406318630453,-0.034005090839245966,-0.4985233426717208,-0.492131014266036,-0.005460124494899743,-0.16452641607491358,0.2203716005945422,-10.843120284267798,-0.002674779999643384,-0.11106516705427083,-0.1544092712670917
1,"(3, 'elcajon', 20)",-0.0005416831236821906,4.911948124686205e-06,-0.1908748218756986,-0.06784595571909335,0.005663230483655246,0.036774276574433884,-0.0024551207655445495,-0.0032320990538634575,-0.1256741119265392,0.14763161166974825,-4.681102793407604,0.02110747007142355,-0.06891624393768936,-0.13176221093485552
0,"(3, 'shafter', 19)",0.0035115629950137617,-0.0009535351902565381,-0.013601635068210882,6.682881813574028,-0.018756087160751278,0.40705059959344503,0.37013126619732617,0.0003965469132097277,0.07456109163988067,-0.10196416514186701,-0.4701284025279904,0.005822947728732486,-0.07452716087160738,-0.019210833753028567
5,"(4, 'donovan', 19)",-0.014958648485783432,-0.6425808755477505,-0.45193674961633734,-5.052632861041111,0.13493966722468054,-0.2418345045181729,-0.3215651797907011,-0.017118823900101388,-0.15988205794674748,0.6166414311401598,2.482508275326552,-0.16967531554470905,0.07203965209509278,0.09788523329711118
4,"(4, 'elcajon', 13)",-0.0011792640891092887,-0.09448158187823452,0.286163507636914,289.9843130009067,-4.287179689268399,2.1321040578585695,1.8439564142116893,-0.004310407891106927,0.11403922880626283,-1.50777389414759,1453.769404028717,-5.0406624807465334,4.832616705545149,3.976291770337525
3,"(4, 'shafter', 20)",-0.0002847800796230704,-0.04236670807743703,-0.04102817384383828,-1.818450294123025,0.006834554215185862,-0.1044441336910431,-0.10934469741749098,-0.009391934677735914,-0.12338231755830975,0.012868382462812633,-4.6844398882148255,0.018470849852296856,-0.16599883004919924,-0.16623370652085612
