,Model,NO2 CvMAE,NO2 MAE,NO2 MBE,NO2 MSE,NO2 R^2,NO2 crMSE,NO2 rMSE,O3 CvMAE,O3 MAE,O3 MBE,O3 MSE,O3 R^2,O3 crMSE,O3 rMSE
2,"(3, 'donovan', 13)",0.7352493611829939,8.632171197848638,-1.0274234391080939,206.0990446462161,-0.6760310458948002,14.319338232242064,14.356150063516893,0.6943267983890017,20.65604456885219,-7.181709295830038,1227.410479976201,-4.9112153776323435,34.290428933656216,35.034418504896024
1,"(3, 'elcajon', 20)",0.5766741649042515,9.200150064159313,2.6896313868746744,190.88203105563449,-0.8491101987565264,13.551675745469993,13.816006335248781,0.5932329591606021,13.346715999952714,-8.524075507916871,313.2039315798045,-0.008599574275528044,15.509483181186788,17.69756852168694
0,"(3, 'shafter', 19)",0.4700360529579393,6.540407547760574,3.4829324859710384,84.8753928525044,0.019739941505924508,8.529042992431846,9.212784207420926,0.4181872284325918,9.566771725162697,-5.684655442345814,149.48528387827028,0.6375934548326184,10.824508135385999,12.226417458858105
5,"(4, 'donovan', 19)",0.7421551866222182,5.613570288239422,1.2347237430129983,59.22117528290624,0.12504701484202796,7.595829913175355,7.695529564812693,0.26039095111752536,9.720115078353322,0.8415567794385286,162.0440247738933,-0.07721087090254053,12.7018032910088,12.729651400328812
4,"(4, 'elcajon', 13)",2.132731705552648,41.26096595181206,-31.025441381933124,6328.678040968597,-61.458530368134056,73.25366969475236,79.55298888771306,5.220625547335621,92.59765776388626,64.47517567946329,34148.384534532466,-115.39299510784926,173.18007081177902,184.79281515938996
3,"(4, 'shafter', 20)",0.5081977970909404,6.26902226236263,1.203183279934455,68.23663725547236,0.02351175900163338,8.172452960702747,8.26054703124874,0.5510072375647288,11.055337264722132,-1.8703628771966467,196.1905879680639,0.29904624876679753,13.881366325592863,14.0068050592583
