,Model,NO2 MAE,O3 MAE,NO2 CvMAE,O3 CvMAE
0,20.0,2.9481755422380584,4.172773321655381,0.2041994606268437,0.1493554901595278
1,21.0,2.0476951150204346,3.7913449619554958,0.23738358257882541,0.09935255479262538
2,18.0,3.2322469446386557,4.235515335996989,0.23091102252024767,0.1491168460723645
3,19.0,2.0719006111741183,4.80788615448041,0.24018965822598157,0.1259911132838054
4,15.0,3.367545872426067,5.214275454795106,0.2548384030976741,0.17969598888254265
5,17.0,2.00223217954917,3.860539979284106,0.1778526964410013,0.10121799797975314
6,11.0,2.642918678635289,3.951659410951748,0.24865134378397405,0.12565080556664196
7,12.0,2.4892328901798373,4.182049395481207,0.23454808931585439,0.13300086357219745
8,13.0,2.797650950470137,4.326095401370678,0.2686896820462539,0.1373920643129311
