,Model,NO2 MAE,O3 MAE,NO2 CvMAE,O3 CvMAE
0,20.0,-0.031511379373236004,-0.014410395888059924,-0.001725473361425256,-0.0005464255607967039
1,21.0,-0.0477178462428105,-0.06918436902620684,-0.002719940344312527,-0.000828068487557343
2,18.0,-0.0874698160783165,-0.04539147983847425,-0.005585095457822625,-0.0018626573501218102
3,19.0,-0.06405934923155465,-0.06558464198342051,-0.004438511495903574,-0.0006323489737216498
4,15.0,-0.0035684024832467465,-0.021763999337804485,0.0008624559353479222,-0.0012134328424210639
5,17.0,-0.06814463690243056,-0.08179866122982471,-0.006211593913188124,-0.0007301715664250613
6,11.0,-0.07230647208608199,-0.0863632411844022,-0.0031688375729622686,-0.003192697951844986
7,12.0,-0.08299445378990145,-0.060937601877895986,-0.004635049252523921,-0.002215482711289213
8,13.0,-0.09470964620156108,-0.1085708527399234,-0.0053826608505855855,-0.0034759811634493543
