,Model,NO2 MAE,O3 MAE,NO2 CvMAE,O3 CvMAE
0,20.0,-0.02531692666154317,0.03799364481024181,-0.0005437526566187401,0.0013866395905980655
1,21.0,-0.03044600763344052,-0.12329595189337228,-0.003803401669880052,-0.003092244528675167
2,18.0,0.03910305795079294,0.11134864692913204,0.0034681535105680616,0.002151877732612939
3,19.0,-0.01023067257485355,-0.08959211564754099,-0.001465281820828418,-0.0021724518309998997
4,15.0,-0.0131087541794912,-0.022472045004622743,-0.0013861476305218057,-0.0012089767165052723
5,17.0,-0.04919178627087595,-0.03849941899223941,-0.004533145459548721,0.0004711707780282043
6,11.0,-0.05055964780853284,0.011624071446322937,0.0006084178475191382,-0.0003458792549763112
7,12.0,-0.03396939762609552,0.02191545593143296,-0.0006378340597653076,7.947319234885564e-05
8,13.0,-0.026210917113208332,-0.012081452867910514,0.001464172843368472,-0.0009560540815151675
