,Model,NO2 MAE,O3 MAE,NO2 CvMAE,O3 CvMAE
0,20.0,2.9481755422380584,4.172773321655381,0.2041994606268437,0.1493554901595278
1,21.0,2.044989122658934,3.7724371469104327,0.2365997117957929,0.09896087477851545
2,18.0,3.2322469446386557,4.235515335996989,0.23091102252024767,0.1491168460723645
3,19.0,2.070670519781374,4.7833782864010965,0.23957097999979304,0.12548050005458386
4,15.0,3.367545872426067,5.214275454795106,0.2548384030976741,0.17969598888254265
5,17.0,2.00223217954917,3.860539979284106,0.1778526964410013,0.10121799797975314
6,11.0,2.634887080825057,3.9558453885788736,0.24912794179127637,0.12569786279187029
7,12.0,2.4866851369432115,4.1872030238661395,0.23461022700915707,0.133078830765057
8,13.0,2.8006379628176172,4.33796902427924,0.2695459258001517,0.13776665620511186
