,Model,NO2 MAE,O3 MAE,NO2 CvMAE,O3 CvMAE
0,20.0,3.022293793694651,4.302672426883093,0.20917633028799792,0.15399327105368324
1,21.0,2.1077871013561658,3.8022867066825374,0.24447777210262034,0.09991209875892394
2,18.0,3.056417192487669,3.7382377595904237,0.22029437702699892,0.13224753047848106
3,19.0,2.2268716810939146,4.20141179986307,0.25829014087901614,0.1103998470018256
4,15.0,2.9261828884405983,4.4194342164510925,0.22586603668755975,0.1527107484744975
5,17.0,1.9195659899598192,3.6431781509139736,0.17050968953443987,0.09551907264213151
6,11.0,2.6716715117185497,3.963152025400627,0.2522355272889151,0.12598581241499537
7,12.0,2.536552210971392,4.114889395432443,0.23941983808937906,0.13084735109241044
8,13.0,2.6542567943212956,3.975439175648315,0.25542886291239525,0.12635267132013578
