,Model,NO2 CvMAE,NO2 MAE,NO2 MBE,NO2 MSE,NO2 R^2,NO2 crMSE,NO2 rMSE,O3 CvMAE,O3 MAE,O3 MBE,O3 MSE,O3 R^2,O3 crMSE,O3 rMSE
2,"(2, 'donovan', 15)",-0.08470131048442298,-0.9938713682905345,0.8661191961774968,-108.92269901502027,0.5953878720789838,-0.8189934071340161,-1.1906666878463952,-0.03952087883263,-1.7600033466081229,-1.7566540464046696,-302.41494760044225,0.6014733703546629,-1.3929282789944395,-2.2070917138854895
0,"(2, 'elcajon', 17)",-0.031645728318808075,-0.34534594810109454,0.3311048109926954,-14.338127104044077,0.08092353203111324,-0.42959154351412643,-0.447020552348949,0.0053088462231140054,-0.07802199314027902,-0.1653607553760854,-6.407084050027265,0.01870121850056239,-0.10731422735924667,-0.13279510078965373
1,"(2, 'shafter', 13)",-0.008881373531340664,-0.09327159238611671,0.03952646121995551,-5.3069818033730485,0.05608999383879376,-0.3182797347750572,-0.3204509185936697,-0.0008588307035658493,-0.12350298083711131,-0.28936006802023284,-7.968504137479414,0.010325688056149085,-0.2068737800106657,-0.28152932477913595
5,"(3, 'donovan', 13)",0.0010146989527114458,-0.0660084208919205,-0.04694385268065332,-6.7802839793884715,0.0026808669534528207,-0.3995638559027608,-0.39618544347399975,-0.00031384905111186967,-0.010222711975023557,0.08796275318510638,-0.10588869026136649,-0.005559032877200831,-0.04358233497601738,-0.004525932323184989
3,"(3, 'elcajon', 15)",0.0031252264574186395,-0.05128656728244252,-0.11294562826752319,-4.710964404928461,-0.016977880476062523,-0.1539065241046238,-0.10918332918981122,-0.0021540705389988535,0.010045174348405794,0.1440427983706407,-4.104676023589832,0.035573647303463574,-0.0917522376935409,-0.08286229090514752
4,"(3, 'shafter', 17)",0.007636610180616343,0.10442307671479512,-0.08466684428056714,9.098803594417262,0.012084520524963338,0.39857271586000564,0.370054863102661,-0.0032469169610596094,0.04301495560925517,0.2588989499544576,0.05854937346236966,0.013937301146904613,0.09659436732028581,0.0017204743081080665
