,Model,NO2 CvMAE,NO2 MAE,NO2 MBE,NO2 MSE,NO2 R^2,NO2 crMSE,NO2 rMSE,O3 CvMAE,O3 MAE,O3 MBE,O3 MSE,O3 R^2,O3 crMSE,O3 rMSE
2,"(2, 'donovan', 15)",0.5499570377081741,5.841678834196808,1.4915972355751321,101.02296567456766,0.23408929659176336,9.939723491506877,10.051018141191848,0.22083428085596032,9.481568407812814,1.3540051308558738,160.0291246247008,0.45012152952907736,12.577590973924773,12.650261840163658
0,"(2, 'elcajon', 19)",0.4514631963727692,5.081393729520287,-0.8400600454506283,55.75366723150689,0.136276174146707,7.4194316552251065,7.466837833481245,0.2460112614246255,9.391411613058752,2.6875565977720357,153.0775839048018,0.6396001151703314,12.07702874926733,12.372452622855413
1,"(2, 'shafter', 11)",0.46272424355494723,6.212126081284113,-2.9293767632011924,67.69748424664809,0.19818379874235548,7.688708336167373,8.227848093313833,0.298556328664721,9.420136218173717,0.09741620890731735,144.06471885410838,0.7288663199465655,12.002300994601121,12.002696315999517
5,"(4, 'donovan', 19)",0.6712298926000015,5.0771001127497914,-2.6890302156036645,46.249071754737656,0.3167011090326485,6.246454070450886,6.8006670080763145,0.23074897860313986,8.61361201919298,6.767392455043597,106.85749493000475,0.2896494928669586,7.814083073336704,10.337189895228043
3,"(4, 'elcajon', 11)",0.23109084836376267,4.469555984979017,-1.2639181204238341,34.17030940099036,0.6620530522457297,5.707260323257103,5.845537563046735,0.3418715684011993,6.071380534323661,-2.039982482092087,55.56635271411561,0.8143318726014732,7.16971576879787,7.454284185226346
4,"(4, 'shafter', 15)",0.5331470833868083,6.617755690630863,5.39345143279945,76.89458561647365,-0.0822454210695549,6.914135318541141,8.768955788260861,0.3307719800729117,6.53047508563804,2.1685299279036148,89.38980752075392,0.6772418045239981,9.202569493981633,9.454618317031837
