,Model,NO2 CvMAE,NO2 MAE,NO2 MBE,NO2 MSE,NO2 R^2,NO2 crMSE,NO2 rMSE,O3 CvMAE,O3 MAE,O3 MBE,O3 MSE,O3 R^2,O3 crMSE,O3 rMSE
2,"(2, 'donovan', 15)",1.226696454719685,13.030048211370927,-7.966790772792043,259.39889545603575,-0.9666457934135704,13.997469140222702,16.105865250151442,0.5317667315283756,22.831521548386636,19.631932678981045,786.2107899795612,-1.7015106636093376,20.019940240753314,28.03945060052998
0,"(2, 'elcajon', 21)",1.1380702271607903,12.780897961384056,8.818556276331726,286.00458766122006,-3.435788659555426,14.430441868117201,16.91167016179124,0.5125272221588455,19.560149316243475,-0.5961121503918173,680.7592576620832,-0.603593499076992,26.084553075441534,26.09136366045445
1,"(2, 'shafter', 12)",0.47352515973205056,6.36505609799532,1.397043479770914,71.45890423824834,0.18446420525445417,8.337096220251011,8.45333687003235,0.36529934286082144,11.551554005941004,-1.5436723026747217,214.51960079095417,0.594991274281635,14.564912494423035,14.64648766056061
5,"(3, 'donovan', 12)",0.34794797721456305,4.127276641545866,1.6023917034079032,51.01197806834818,0.5815743605491928,6.960195343496993,7.14226701183512,0.24240832848241733,7.247425636159121,-0.09594324040422082,93.7073077377586,0.5535873712012387,9.679778040957961,9.680253495531954
3,"(3, 'elcajon', 15)",0.6729551186106758,10.675552910231302,-5.36401492361598,174.86043492733603,-0.7185292274289661,12.08667774527743,13.223480439254109,0.5745704879993666,12.95833893633827,-0.17010191532826396,295.42106125384987,0.05006586827648252,17.186975459874656,17.187817233548007
4,"(3, 'shafter', 21)",0.603572359695245,8.261696605848307,3.0512622088991947,135.14481229238982,-0.5892513822239531,11.21760274039958,11.625180097202357,0.5244311373719593,11.959234672436386,-7.55653433092099,248.66672186080226,0.35877316041590634,13.840719346325068,15.769169980084628
