,Model,NO2 CvMAE,NO2 MAE,NO2 MBE,NO2 MSE,NO2 R^2,NO2 crMSE,NO2 rMSE,O3 CvMAE,O3 MAE,O3 MBE,O3 MSE,O3 R^2,O3 crMSE,O3 rMSE
0,"(2, 'donovan', 15)",0.012712256825990198,0.1180591959595203,0.0035612848889750026,6.091037133233854,-0.057560978199715174,0.30226637619077223,0.2916066424865793,0.00432996059822463,0.17327466949814152,0.05925224934550449,6.273262191377768,-0.036108053685813046,0.2460009267480956,0.24473991383077376
2,"(2, 'elcajon', 19)",-0.02134359942129782,-0.23570305119528356,0.006603617687350738,-6.214876151668776,0.04630123229065064,-0.37762590533426366,-0.3586477423937442,-0.008189726852277257,-0.4273074627687503,-0.03651279770407534,-15.957574304791308,0.03690280949009472,-0.5236851001489047,-0.5140061165837757
1,"(2, 'shafter', 13)",-0.0063839187374303275,-0.05791170839249293,0.030195975422133814,-2.3175308918790307,0.02193155641821376,-0.14208322965587517,-0.14393193592776665,0.0032428372900653035,0.010601825584140911,-0.34439437967343345,-3.1120167711141846,0.001969280175156296,-0.20262160560677778,-0.11972254281162975
3,"(4, 'donovan', 19)",0.06703092744771633,0.10176711387476,0.17527186951958007,7.386016804856126,-0.0747332210912961,0.6719482357519331,0.5819499969448758,0.010657071828788334,0.7972856704285309,-0.297770975834835,21.7886105499675,-0.23400236196975477,1.540227318494563,1.0709242301398323
5,"(4, 'elcajon', 13)",0.004014948073856384,0.06309488490116699,-0.1516315111858324,7.795386529687562,-0.11661187421307817,0.2624011675029063,0.29720907658062323,0.006087443273039228,0.132595238243713,0.1496523260513598,13.773612742707428,-0.04785905340319618,0.3944724206914394,0.36526288451998923
4,"(4, 'shafter', 15)",-0.002044619245373025,-0.06542818269712392,-0.08459319260985687,-0.21615317196467743,0.013321242941758626,0.06835774753022417,-0.01228208759878413,-0.001882768435158777,-0.006545613261631722,0.074383894798848,1.5881003889895737,-0.010972596213563834,0.06375062268593368,0.08171247558214034
