,Model,NO2 CvMAE,NO2 MAE,NO2 MBE,NO2 MSE,NO2 R^2,NO2 crMSE,NO2 rMSE,O3 CvMAE,O3 MAE,O3 MBE,O3 MSE,O3 R^2,O3 crMSE,O3 rMSE
0,"(2, 'donovan', 15)",0.6366747693381507,6.762800126731664,2.8716791639889196,112.14239407051961,0.14978679005403361,10.192931518967702,10.58973059480361,0.2297741466904221,9.86540351320302,-0.23188290722306992,167.40610743170248,0.42477336848578284,12.936473156601659,12.938551210692118
2,"(2, 'elcajon', 19)",0.5615047325075883,6.319953984696774,-2.8554926388097073,71.99512469169957,-0.11533299295438915,7.990074227139513,8.484994089078647,0.28958180738179556,11.05470510994953,4.184782633966527,233.0429528374331,0.4513327737442674,14.680958662797646,15.265744424607439
1,"(2, 'shafter', 13)",0.4458370868218907,6.0459586093912705,-0.5822881774604612,63.66159473876249,0.2643387686338915,7.957545752512112,7.978821638485377,0.32669783354436066,10.260763822938387,-3.102868322857549,167.36404677464748,0.6855124535011172,12.559309494114332,12.936925708012993
3,"(4, 'donovan', 19)",0.6465496224029577,4.890421593241754,-1.9155355028468957,44.04838155748974,0.34921482474821164,6.3544555413151835,6.63689547585991,0.2420199694329048,9.034346024895555,5.80967763271976,114.66702284413113,0.23773453717851478,8.995258119344824,10.70826890044003
5,"(4, 'elcajon', 13)",0.438153503198072,8.476751543597542,-4.2900084992710115,175.9050180524994,-0.736029047585693,12.549934037708276,13.26291891148021,0.6814592478981654,12.08696728864492,-2.9574793221043616,362.40792418352595,-0.2352485870563732,18.80588306979073,19.037014581691267
4,"(4, 'shafter', 15)",0.5631916420477928,6.99068757987271,6.225786576025275,77.32367171430877,-0.08828455192517626,6.209931824069134,8.793387954270457,0.36818383508801866,7.269102302580068,2.703391626844282,95.22771697223824,0.6561629682206991,9.376534036214645,9.758468987102344
