,Model,NO2 CvMAE,NO2 MAE,NO2 MBE,NO2 MSE,NO2 R^2,NO2 crMSE,NO2 rMSE,O3 CvMAE,O3 MAE,O3 MBE,O3 MSE,O3 R^2,O3 crMSE,O3 rMSE
1,"(2, 'donovan', 18)",0.5901563366773677,6.134756914164601,3.7954755468453603,115.14781599003534,0.1125318408238769,10.037040468776416,10.730695037602892,0.2112644464850279,9.000841868521103,3.194127948371363,153.45234210998723,0.47239186610137607,11.968704554800958,12.387588228141393
2,"(2, 'elcajon', 17)",0.7255380510495704,8.168038486100079,3.608665816864631,129.19669539877543,-0.9987186002627808,10.778414780191497,11.366472425461447,0.49017584618679033,18.695721006673637,2.8904371687240893,516.1191034782503,-0.2145550738652524,22.533629886955104,22.718254851071865
0,"(2, 'shafter', 13)",0.42731201988318485,5.7947417607750795,-2.041451983463382,56.628151921129906,0.34561589066005705,7.2429708070348955,7.525167899863092,0.32670717564217,10.261057234921541,3.6416799744429595,176.62737686623575,0.668106074956534,12.781453124579727,13.290123282582286
4,"(3, 'donovan', 13)",0.4433105197892906,5.2046727309920096,-0.3685123128237338,63.165814254317254,0.48632529611580755,7.9391443466514104,7.947692385486321,0.30607249454235025,9.105578386482602,5.134404090278986,139.1090340010715,0.33005015488326406,10.618235666182532,11.794449287740038
5,"(3, 'elcajon', 18)",0.2501964441445485,3.99018326656355,1.1240890652934115,32.45141884166365,0.6855494520533143,5.584607649782037,5.696614682569258,0.271144642551474,6.103359710473442,-2.2170773341036023,70.95576879367736,0.7714949024413993,8.126520588698403,8.423524725058826
3,"(3, 'shafter', 17)",0.4832284225957226,6.614429164424117,3.5493430823519914,107.39481241023893,-0.26292198103312203,9.736373875691918,10.363146839171918,0.4826293727469812,11.005978701829342,-5.020972838803692,220.22572205671648,0.43211281874459273,13.964796921609546,14.840004112422491
