,Model,NO2 CvMAE,NO2 MAE,NO2 MBE,NO2 MSE,NO2 R^2,NO2 crMSE,NO2 rMSE,O3 CvMAE,O3 MAE,O3 MBE,O3 MSE,O3 R^2,O3 crMSE,O3 rMSE
0,"(3, 'donovan', 12)",0.6838197642215523,8.111308369982641,-0.6850381454826548,139.57363831516528,-0.14485246551800324,11.794251204584869,11.814128758193101,0.4893832876210073,14.631382538779313,6.977644546838921,331.57139980058975,-0.5795743554355026,16.81915198859562,18.209102114068934
2,"(3, 'elcajon', 20)",0.7860348365073551,12.540250442336545,5.638022052675778,370.1007861652067,-2.5852360459556785,18.393300193152676,19.238003694905736,0.5949353899957577,13.385017750581225,-8.011361527725116,343.61264246202586,-0.10652367342516245,16.716181602434883,18.53679159029485
1,"(3, 'shafter', 21)",0.5628718188656026,7.704587727969556,-3.8455466474166276,121.94141744725115,-0.43398450107806963,10.351482496372691,11.042708791200244,0.4024681706782603,9.177966292099978,1.367624899156058,145.84723659035782,0.623909617334081,11.999034922469887,12.07672292430185
3,"(4, 'donovan', 21)",1.614297554146452,12.296592073007064,-9.194485908030066,282.09687239010333,-3.2315974221857386,14.055543627259455,16.795739709524653,0.3756387119753649,13.963625551318843,11.46161263849029,335.70930607466767,-1.2108834412026406,14.294780188810753,18.322371737159674
5,"(4, 'elcajon', 12)",0.35084529420413985,6.785741173287131,0.05245759975882966,83.23865712377552,0.17676337723389535,9.123371366442328,9.123522188484857,0.4563835008423641,8.105025861492773,-1.8300820041284942,114.21210783409734,0.6183743011369436,10.529145632010456,10.687006495464356
4,"(4, 'shafter', 20)",0.8948655236391178,11.038874866493256,6.770310199576586,270.05771223583037,-2.864612779816616,14.9739978140591,16.433432758733957,0.6617495242056207,13.27725604330763,-2.90757910568546,286.9655589242475,-0.02527642679488351,16.6886651080059,16.94005781938915
