,Model,NO2 CvMAE,NO2 MAE,NO2 MBE,NO2 MSE,NO2 R^2,NO2 crMSE,NO2 rMSE,O3 CvMAE,O3 MAE,O3 MBE,O3 MSE,O3 R^2,O3 crMSE,O3 rMSE
2,"(2, 'donovan', 20)",0.014464191302658191,-0.014200413770888431,-0.06372225379492846,1.2118732012083342,-0.07218447929218907,0.09685839710166633,0.03879594096323835,0.001482706333961692,0.12960160702067292,0.25030876180849315,3.3267857443738365,0.014311877260094641,0.06502068446951448,0.11540679241056928
1,"(2, 'elcajon', 21)",-0.014479005294812941,-0.29789964325034113,-0.30881323056494914,-10.390793273665167,0.0064443453895730585,-0.2379888261905485,-0.36022722260669937,0.0024804696970216478,-0.10551324299981601,-0.260137622690344,-16.895633234489196,0.0380194456650389,-0.604710866245199,-0.36372070030716586
0,"(2, 'shafter', 12)",0.0037843795555665416,0.05962905773031313,-0.1260836589596418,79.30431337866034,-0.8738047946582885,3.354427747419317,3.3356718839719584,0.0009178549125997693,0.07542399896492569,0.2506943587116739,39.299905689134505,-0.07121571679475436,1.2525046792276449,1.2035502629485357
5,"(3, 'donovan', 12)",-0.003017825379760586,-0.09523525921451981,-0.06950538482456703,-4.155251411383006,0.019168767423152433,-0.2609517543541191,-0.26839185436630775,0.002781534112782036,0.1012759854937384,0.11118896809226259,1.7323921988061102,-0.0044188292454792055,0.08247084561040374,0.08550999582883101
4,"(3, 'elcajon', 20)",-0.000495707596266437,-0.0010933917514481806,-0.058599941339990025,0.28545136755192857,-0.00020076645838840168,0.056551764026696816,0.014420276710302105,-0.0017019799248810807,-0.06417051356148562,-0.02602473964694818,-0.7579860769659064,0.004066794041877708,-0.04530960851872301,-0.04103794250116266
3,"(3, 'shafter', 21)",0.009071459955744321,0.12407900844135611,0.12266870393843154,9.451675877298868,-0.023341415873752824,0.42791818453064145,0.4449822834638546,0.007941474904395118,0.3006500812780146,-0.22438479138764578,18.677595401540998,-0.033485864276228794,0.48452572701133256,0.5296659028001365
