,Model,NO2 CvMAE,NO2 MAE,NO2 MBE,NO2 MSE,NO2 R^2,NO2 crMSE,NO2 rMSE,O3 CvMAE,O3 MAE,O3 MBE,O3 MSE,O3 R^2,O3 crMSE,O3 rMSE
2,"(2, 'donovan', 20)",1.0734369810195403,11.14584113379862,9.391456137835922,244.5456238091562,-0.8804823116427396,12.503846433647654,15.6379545916068,0.2570792953571091,10.962037218870217,3.107649535154817,209.40997719516884,0.28071271494367,14.133382174448906,14.471004705795961
1,"(2, 'elcajon', 21)",0.9425864633998825,10.585551858737547,7.03334562164196,202.84711348542817,-2.1460576663477724,12.384634146717755,14.242440573350768,0.4602013250849698,17.563177612847422,-12.840306504955047,531.0373941068115,-0.25090933890637257,19.135410160716738,23.044248612328662
0,"(2, 'shafter', 12)",0.46789655514225553,6.2893972164529925,0.8105168284588171,183.74190792540276,-1.0969829373314144,13.530889480806378,13.555143227771618,0.3944165515123576,12.47230301579789,-2.21405298486125,286.57182903395744,0.4589581051060839,16.78302117670501,16.928432562820383
5,"(3, 'donovan', 12)",0.3771871830582754,4.474105188336609,1.117950184204324,57.8637154051562,0.5253729999067647,7.52422108226688,7.6068203216032515,0.25487339982368135,7.620101270535197,0.3354512947772529,103.48014800110559,0.5070304972699093,10.166986802350731,10.172519255381411
4,"(3, 'elcajon', 20)",0.4544396749028417,7.25004423409205,5.473993003693364,98.10464982996587,0.049641773283757074,8.25469871723167,9.904779140897887,0.2897746313243229,6.519428242404356,-1.3575137089349218,84.91009133714842,0.7265670276156067,9.11412353694403,9.214667185370745
3,"(3, 'shafter', 21)",0.5697595772360848,7.7988673433913895,2.7037765403205145,117.56575880200788,-0.3825284264264741,10.500254799845061,10.842774497424903,0.5763507646789982,13.143220448303692,-9.486632276990525,320.2782827511097,0.17411131855883522,15.175048288435535,17.896320369034235
