,Model,NO2 CvMAE,NO2 MAE,NO2 MBE,NO2 MSE,NO2 R^2,NO2 crMSE,NO2 rMSE,O3 CvMAE,O3 MAE,O3 MBE,O3 MSE,O3 R^2,O3 crMSE,O3 rMSE
2,"(2, 'donovan', 20)",0.008725922167998834,-0.038316080296747046,-0.03847977360603405,0.7900169417264351,-0.05147885192612445,0.05850575978721473,0.029763083715597105,0.0008315182405947974,0.10153648596956444,0.25786444878783765,-0.04762047760348764,0.024524675800658535,-0.09637968917692774,-0.0017049621048492725
1,"(2, 'elcajon', 21)",0.0005953001763090437,-0.09838632408339087,0.01711988602499126,-5.805802480447184,-0.00228807812637033,-0.2787033234072016,-0.26032919681426847,0.00019063710276712165,-0.1447327940911336,-0.5282447812095679,-4.467816419655833,0.009628433096521172,-0.0736803502218315,-0.13505863824160258
0,"(2, 'shafter', 11)",0.0039037048077085745,-0.003362380894143868,0.024530461858395247,1.4798108244033372,-0.024580098084507673,0.10496969010624824,0.09786237567645362,0.0003469662146600161,0.027481074777782055,-0.21925130213776445,10.257695052043033,-0.027328418115019737,0.34992108639039543,0.38444532073649995
5,"(3, 'donovan', 11)",0.0013673662766680028,-0.052900825111035665,-0.06924769080953913,-2.9458973795630925,0.002374253240984059,-0.1992871614228484,-0.19532560903839435,-0.0015688686820231335,-0.016077869121001953,0.1107353218696796,-3.2762834249844843,0.019595635066381623,-0.19481253948013233,-0.17003307595789252
4,"(3, 'elcajon', 20)",-0.0010945514354060437,-0.011364232105618655,-0.008104074735578948,-0.0034312872208346334,0.0019262066499222685,0.005509907054491059,-0.00020190457916058335,0.0020160181033412883,0.021206396487434276,0.06426274003782305,2.103434502788531,-0.0052496130501967775,0.11581020629445327,0.11660685699680151
3,"(3, 'shafter', 21)",0.002697922356653115,0.03685070408412017,0.0692203693046538,5.910473967867304,-0.0051425608535342615,0.3197231173359931,0.32600094584042516,0.00028704143735258647,0.09573338641844664,-0.019690753672787942,3.045209317307439,-0.0002939861737792926,0.12263071334681541,0.12157966137128895
