,Model,NO2 CvMAE,NO2 MAE,NO2 MBE,NO2 MSE,NO2 R^2,NO2 crMSE,NO2 rMSE,O3 CvMAE,O3 MAE,O3 MBE,O3 MSE,O3 R^2,O3 crMSE,O3 rMSE
1,"(2, 'donovan', 18)",0.5650786953093798,5.874071356437024,1.4240101625881803,98.67559865143488,0.2394866447282934,9.830961007219674,9.93355921366732,0.20770719268345864,8.849286415216802,0.9854181244053156,139.55455182948464,0.5201759995618791,11.77214946156273,11.813320948382154
2,"(2, 'elcajon', 21)",0.3904817625535038,4.385236907065337,-0.6339004795549521,37.28866383315032,0.4216714021490141,6.07345317911129,6.106444451000134,0.2116872905769118,8.078858708410467,-0.010469619816961803,109.41132972481365,0.7422711551883568,10.45998184445456,10.459987080528046
0,"(2, 'shafter', 12)",0.4390668312349801,5.901872274666663,0.2782840881702014,79.1739622133744,0.09641491308682171,8.893622556669309,8.897975174913357,0.3539334181959854,11.19213892579033,-0.5113677610123839,198.04814274707329,0.6260890583931045,14.063664022882287,14.072957853524372
4,"(4, 'donovan', 21)",0.730874626010054,5.567292789035529,-3.2644333369221505,51.501603307296776,0.22744959932694653,6.391015431447795,7.176461754046821,0.2948288657417731,10.959679478424386,8.240423901689367,181.7474508085848,-0.19693562913659357,10.669717199198619,13.481374218104948
5,"(4, 'elcajon', 12)",0.32128604148035084,6.2140320993079134,-4.320712986770129,62.207144405307375,0.38476663077351436,6.598377361651578,7.887150588476638,0.33199902515835306,5.896051631867101,-0.08684135731339099,67.84542369597897,0.7733028684642805,8.236375698862478,8.236833353660797
3,"(4, 'shafter', 18)",0.37823552434067576,4.668278586390412,-0.5749782992973191,37.76521846571958,0.45976442600024614,6.118383667275835,6.145341200105945,0.3066197514478933,6.1432095726512275,4.129328912447256,72.8082443735047,0.7391041402297662,7.467053416815631,8.532774717142408
