,Model,NO2 CvMAE,NO2 MAE,NO2 MBE,NO2 MSE,NO2 R^2,NO2 crMSE,NO2 rMSE,O3 CvMAE,O3 MAE,O3 MBE,O3 MSE,O3 R^2,O3 crMSE,O3 rMSE
2,"(2, 'donovan', 15)",0.021037347597266942,0.19440322449539593,-0.5421870392385757,9.684583459392655,-0.09985839491671777,0.3189700053521367,0.30556340438479346,0.013039452529436724,0.5394172879972903,0.6567010167330318,30.71559257541162,-0.13989776822621014,0.6531026725680533,0.772135891469425
0,"(2, 'elcajon', 17)",-0.015862616744124147,-0.16883978401498645,-0.20614231862568078,-4.656051150276056,-0.05502029918733209,-0.10930344943741588,-0.15150687199910884,0.004084675881525945,-0.12049887618862343,0.09532819110110358,-4.6818337077443175,0.014585808469194994,-0.09830526044872556,-0.09771889695437608
1,"(2, 'shafter', 12)",0.0032607677397135104,0.05248023416190861,-0.09416284602378422,9.013553389224299,-0.081024227009725,0.5274766266551616,0.512255628694291,-0.0007954903850803108,0.014601996991546073,0.13029012245868787,-8.24914071713249,0.017929526658389205,-0.2870650691872392,-0.2983047765409754
5,"(3, 'donovan', 12)",-0.002355456399816769,-0.08089120734969324,-0.0843484675726589,-2.2187053242755326,0.005805073149183992,-0.14024540405964459,-0.15622933730426958,-0.0006644606548397158,-0.002538595181897918,0.06150348104842118,-1.1025495746549296,0.008678575204415617,-0.06335480585972242,-0.05799079279339381
3,"(3, 'elcajon', 15)",0.0020185506328133096,-0.03264353966130784,0.08837508604589162,-2.0903889271186813,-0.0046411247409374745,-0.08785943150710196,-0.07681551366187733,-0.004458001813424373,-0.04408667914319686,-0.15718794251134938,-3.3721167480373992,0.026588650486878862,-0.17090614489538325,-0.08117178552349813
4,"(3, 'shafter', 17)",-0.003350215754450714,-0.04594480090621644,0.024723827439107282,3.7831052626850266,0.04903700756251195,0.17755221705159663,0.17484521751751458,-0.0025415836214066623,0.057487966643785526,0.20425959200437438,-0.33660644993301503,0.013920072455543164,0.03932630923499225,-0.010280063550194285
