,Model,NO2 CvMAE,NO2 MAE,NO2 MBE,NO2 MSE,NO2 R^2,NO2 crMSE,NO2 rMSE,O3 CvMAE,O3 MAE,O3 MBE,O3 MSE,O3 R^2,O3 crMSE,O3 rMSE
2,"(2, 'donovan', 15)",1.0893390101919784,11.57102864911442,0.11656239429960723,255.99599499043225,-0.9408465321086259,15.999450291428971,15.999874842961498,0.3777019940737008,16.216718168466585,4.3422527321721835,411.11963543571466,-0.4126543330417014,19.805667807447282,20.27608530845426
0,"(2, 'elcajon', 17)",0.9399749139964466,10.58214832755481,3.2378035661900912,233.7857825614722,-2.6167487925316815,14.943306596998386,15.290055021531877,0.4970082723384338,18.956315513978574,0.19451852950484058,571.5332448942221,-0.344958165258461,23.90597019037753,23.906761489047867
1,"(2, 'shafter', 12)",0.4615180198699426,6.203657876109836,1.013602890449678,81.97552213889618,0.06444167721449279,8.997117920945014,9.054033473479993,0.33637180231399666,10.636802711102215,-1.2702669244986504,187.07528159773534,0.6468056012879826,13.61843248650074,13.67754662202748
5,"(3, 'donovan', 12)",0.33635355092608066,3.989746298143209,1.6392754539761307,49.318053866054754,0.5954687701440563,6.828677007948743,7.022681387194976,0.2404664728399221,7.189368825763016,0.8254953210520019,89.81829380946003,0.5721142606517955,9.44123144978835,9.477251384734924
3,"(3, 'elcajon', 15)",0.6609229968185735,10.484679032818612,1.6499378531098832,184.0946026787906,-0.8092826741903858,13.467453692585753,13.568146619151438,0.6858529579157655,15.468102303876831,-9.48672263520961,429.77010045779303,-0.3819369732352902,18.43291066098919,20.73089724198625
4,"(3, 'shafter', 17)",0.5324159723062972,7.287708193800205,3.8322894353485073,118.93785624966142,-0.39866376842178153,10.210358181285473,10.90586338854753,0.5463536413607454,12.45915992691906,-3.7837792009543234,267.8678149528846,0.30926007660693544,15.923279529662775,16.366667802362354
