,Model,NO2 CvMAE,NO2 MAE,NO2 MBE,NO2 MSE,NO2 R^2,NO2 crMSE,NO2 rMSE,O3 CvMAE,O3 MAE,O3 MBE,O3 MSE,O3 R^2,O3 crMSE,O3 rMSE
2,"(2, 'donovan', 20)",-0.0038448253543164057,-0.12541102956252548,-0.0479440348386993,-2.7263509906106265,-0.0030073789239881688,-0.14049656716934678,-0.14257023070430996,-0.0011966985830282606,0.010476699405817413,0.10289760203710863,1.1391888109854733,0.017667721604348374,0.009272423709132838,0.043260595452350614
0,"(2, 'elcajon', 21)",-0.0003557835023407785,-0.05628911872400977,-0.053318842239497344,-0.9328592539520422,-0.009231443305482978,-0.08547771272551596,-0.08220139015190497,-0.002194158245547334,-0.17943668207629493,0.0566819281508701,-1.424906769936939,0.0029507194031906936,-0.06386668841191678,-0.06392611358284306
1,"(2, 'shafter', 13)",-0.005906431397978917,-0.053908335746956304,0.006169135519415336,-1.2065641357235108,0.00957551566633874,-0.07866537921743344,-0.07866386454806662,0.0020209749552626,-0.03360091380627317,-0.4692091601900111,-3.3421186835446974,0.002120254677273614,-0.10356627915959749,-0.12415049142556178
5,"(4, 'donovan', 21)",0.1819279060897382,1.0479508043572352,-0.6487988307920034,21.654397853248966,-0.3401238892143523,1.069675808736796,1.236571358878356,0.04563929779918635,1.9806784130418862,0.7029017036276102,55.08105565989942,-0.5183536517854523,1.7809978327950642,1.801133214641169
3,"(4, 'elcajon', 13)",-0.027767298987356526,-0.5736026606715185,0.5589072301223794,-54.26120557703348,0.22870715026022204,-0.5794728117249548,-0.7605255929619972,-0.028386778295670823,-0.4582528839069795,-0.7067714963033378,-46.739333350942616,0.155422649443552,-0.36306190750818246,-0.6113262685828502
4,"(4, 'shafter', 20)",0.00295135650592393,0.004742404982478021,-0.048109013362930275,-0.032733780034760684,-0.011222488708855338,-0.013150556964140137,-0.0025056519805231048,-0.0017555456649865353,0.003652301674380354,0.0470811216414615,0.07627278692956452,0.0004490031124935179,-0.0037263306974608668,0.004170650108767049
