,Model,NO2 CvMAE,NO2 MAE,NO2 MBE,NO2 MSE,NO2 R^2,NO2 crMSE,NO2 rMSE,O3 CvMAE,O3 MAE,O3 MBE,O3 MSE,O3 R^2,O3 crMSE,O3 rMSE
2,"(2, 'donovan', 20)",0.546871639699187,5.678343977750604,0.41984907773205604,90.06287846685777,0.3074435467112431,9.480854675344261,9.490146388062609,0.23563485665171188,10.047631665907257,4.469302191031504,173.9290826851268,0.40258349027789775,12.407837061333753,13.18821757043486
0,"(2, 'elcajon', 21)",0.36956247433101724,4.150306511896842,-0.35954205464489736,31.732150279874137,0.507850158957923,5.6216438801909145,5.633129705578786,0.21662704540360642,8.267380093847892,0.016610351172635537,123.49849458239004,0.7090874919009622,11.112975246025979,11.112987653299632
1,"(2, 'shafter', 13)",0.407312697880497,5.523532665304645,-1.1942829161011066,58.21355945683617,0.32729522394222155,7.535731403528045,7.629781088395405,0.3461318787400243,10.87113869354474,0.35921838867713946,179.50303383959294,0.6627025350472653,13.393057738098147,13.39787422838388
5,"(4, 'donovan', 21)",1.0138843880580868,7.723063630442465,-5.945669571325576,87.87389809072712,-0.3181534324985964,7.247269243233352,9.374107855722972,0.359934923070656,13.379868283998931,10.447709460062715,262.1560389349606,-0.7264831060824588,12.369373715906145,16.191233397581563
3,"(4, 'elcajon', 13)",1.0561071221489706,20.432012097444385,-14.691563706497137,1245.6119470684628,-11.29310309661117,32.09002808491186,35.29322806245502,1.2124889857835353,21.505783000538106,14.651022317931698,1438.0894998274102,-3.9016533695406572,34.97766492913616,37.92215051691307
4,"(4, 'shafter', 20)",0.41735330553436184,5.148383520437321,-1.4276445953524821,42.650508942126834,0.3896574900275802,6.372781172449544,6.530735712163434,0.33311949363453264,6.683666021992297,1.547157383339639,83.65074024025378,0.7011309218646881,9.014268926169093,9.146077861042611
