,Model,NO2 CvMAE,NO2 MAE,NO2 MBE,NO2 MSE,NO2 R^2,NO2 crMSE,NO2 rMSE,O3 CvMAE,O3 MAE,O3 MBE,O3 MSE,O3 R^2,O3 crMSE,O3 rMSE
2,"(3, 'donovan', 13)",0.007076321900877591,-0.0353440821252331,-0.15135700040215472,-2.6612807473870816,-0.08502876413421467,-0.12750526143342178,-0.10704071867561282,-0.0025483939979162873,-0.07745918164425092,0.2453452174705073,-4.475412654738761,0.000801382028080333,-0.10954031046362545,-0.10367530126041657
1,"(3, 'elcajon', 15)",0.005700372090204686,0.015290126573310303,-0.05947332143697004,2.550950101203455,-0.07452290182989874,0.08378178641250855,0.06659268038779942,-0.0053027525084727856,-0.059076583506548985,0.043253839219653756,-0.20381533417912578,0.018871561662117786,0.024914163782312926,-0.004552873002232616
0,"(3, 'shafter', 19)",0.0036143938936964437,0.00693930314526181,-0.04893091101535432,5.669180137832832,-0.020468789828963274,0.35619188384791567,0.35702584803047177,0.003585999417142771,0.13414787922245885,-0.05135240120511414,4.293324191100822,-0.007195910938194605,0.21165873841349025,0.20948772703627583
5,"(4, 'donovan', 19)",0.09306455136722047,0.15742531393540915,-0.1755450746420193,2.879366405481491,0.019165327379390362,0.13477414492992157,0.17560387570015834,-0.0017083904397629524,0.5692143456093248,-0.39459254260925114,11.390075083052267,-0.3193892065668946,0.9011168651009775,0.35353151582276787
4,"(4, 'elcajon', 13)",0.003269393093807693,0.025953155158131125,0.07972220035708766,37.79660751307392,-0.653106185376501,0.6104519729002362,0.5443005834502372,0.011484763647103824,0.24694875733734278,-0.46638382150224267,30.72515351924028,-0.10700130890046688,0.4115970046482751,0.5163940872023041
3,"(4, 'shafter', 15)",0.010945836868257675,0.08215959084414948,-0.04890107295922519,5.5992565277695405,-0.059897324837276944,0.233565274352868,0.23215621778177997,0.006280754250684861,0.18321276949024856,0.1113237137527765,9.079161314390603,-0.05199575523723654,0.2167415899146512,0.24335460777951567
