,Model,NO2 CvMAE,NO2 MAE,NO2 MBE,NO2 MSE,NO2 R^2,NO2 crMSE,NO2 rMSE,O3 CvMAE,O3 MAE,O3 MBE,O3 MSE,O3 R^2,O3 crMSE,O3 rMSE
2,"(3, 'donovan', 13)",0.7010108132403196,8.230194639948095,-1.6697640289862103,153.20598003125244,-0.2458960175671645,12.264496131718499,12.377640325653854,0.5485132137585433,16.318127740840907,0.6358001475843423,463.6251367862809,-1.2328211162748919,21.522567367891558,21.531956176489885
1,"(3, 'elcajon', 15)",0.7713254619136891,12.236069764456289,4.6782036947891275,368.12862845587637,-2.617969998288396,18.607606886922834,19.186678411227838,0.734674775787663,16.56918507211139,-12.87280693552235,500.9037742875138,-0.6106691577279728,18.308320947355696,22.380879658483348
0,"(3, 'shafter', 19)",0.4096225924439871,5.699772769544643,-0.16965777079505998,65.90137659586775,0.23887848873975193,8.116193258821122,8.117966284474686,0.33603420836057574,7.687376238821647,0.37505431641415815,107.16268829220292,0.7401987765802298,10.345144842228537,10.351941281334767
5,"(4, 'donovan', 19)",0.874586262325249,6.6152626097464875,-2.209241953365253,68.66231168128814,-0.014439417765671037,7.986335948183237,8.286272484132304,0.36490275943210326,13.621428850988984,11.244488508865873,265.22601459297454,-0.7631279312172299,11.780810352844265,16.28576109959171
4,"(4, 'elcajon', 13)",1.1138403034367956,21.548949038553662,-12.070719933129268,1224.474690153744,-11.084496813535823,32.84467041243868,34.992494768932154,1.1976271667504754,21.24218056054422,-7.776424215710454,900.4747663499371,-2.069221472790965,28.98278781274764,30.007911729241293
3,"(4, 'shafter', 15)",0.768944166161667,9.54461684206915,-5.159096303632164,148.23844617022053,-1.0863676981675132,11.028244259946856,12.175321193718895,0.7217486523939329,14.249579397603291,9.397418736419747,352.5328174723976,-0.27288400287744774,16.25488659198029,18.77585730326042
