,Model,NO2 CvMAE,NO2 MAE,NO2 MBE,NO2 MSE,NO2 R^2,NO2 crMSE,NO2 rMSE,O3 CvMAE,O3 MAE,O3 MBE,O3 MSE,O3 R^2,O3 crMSE,O3 rMSE
2,"(2, 'donovan', 20)",0.0010198496843506488,-0.08020136483955653,-0.19257924829920134,-2.666997205531871,-0.0044248852652217785,-0.14031591129453602,-0.13669098375211064,-0.000343449571415938,0.04749975604686618,0.3153419591400821,-0.04179361808297699,0.022751071993928784,-0.11495481353503756,-0.0015532865661107564
1,"(2, 'elcajon', 19)",-0.01467411694003079,-0.16142952915234865,-0.03325654568597902,-3.949965268257351,0.027085025039648825,-0.2861127840417801,-0.2755300265860523,-0.00618917742519981,-0.33628047909397374,0.08805199713963652,-10.669578283872482,0.02467403345185959,-0.4339455305895399,-0.42030849986226393
0,"(2, 'shafter', 13)",-0.008239279730780591,-0.07952873096325863,-0.009684780966561057,-3.4197231957717804,0.03329544651160843,-0.18751355629152577,-0.18775096982083816,0.002016154919492641,-0.03843751085625513,-0.3643564043480634,-3.7849616515308924,0.0026111113871780667,-0.1518912438836395,-0.13519483840951985
5,"(4, 'donovan', 19)",0.05381120021193775,0.060198369103451554,0.5974754678056607,6.385466605566538,-0.06600492170760353,0.6912979229097029,0.5530711494487361,0.006016657092008354,0.6207813388042105,-0.9793552792317675,15.569081758635704,-0.19442746379989084,1.729098228003104,0.7694311685475039
4,"(4, 'elcajon', 13)",-0.017955733197625667,-0.4022314114999226,0.8081642441376644,-17.73133546474628,-0.4350046105187495,0.0931461420883295,-0.1746924018861833,-0.026433739980580295,-0.38797530606014163,-0.940598026670024,21.016696776518074,-0.08342862022546704,0.49833745290386133,0.1563517708617752
3,"(4, 'shafter', 20)",0.0004803677185249433,-0.024236176919374408,-0.045298777323171446,-0.23410410645993807,-0.007744824595293465,-0.03657168726056437,-0.018417947797663814,-0.0027015353962261957,-0.01382514901653309,0.01714833886827205,-0.6440053095522842,0.0030507696670404316,-0.037141248709774644,-0.034614915212141995
