,Model,NO2 CvMAE,NO2 MAE,NO2 MBE,NO2 MSE,NO2 R^2,NO2 crMSE,NO2 rMSE,O3 CvMAE,O3 MAE,O3 MBE,O3 MSE,O3 R^2,O3 crMSE,O3 rMSE
2,"(2, 'donovan', 20)",0.5858904193267666,6.083488505704763,-0.278326490444356,93.84233885491385,0.27838063281980363,9.683226368033768,9.687225549914373,0.2389522514980321,10.18908765412496,4.7064251433558395,180.97001886446273,0.37839908447010095,12.60236412287882,13.452509760801615
1,"(2, 'elcajon', 19)",0.4659452383297874,5.244394739973153,-1.300014117576743,49.423357045202884,0.2343439785522755,6.908930505760081,7.030174752109857,0.2535216154667382,9.678117293769592,1.560666552494964,155.81035167764304,0.6331661934590329,12.384452819850923,12.482401679069739
0,"(2, 'shafter', 13)",0.4998917816109983,6.778989703031047,0.35968503417432174,81.23771119473162,0.061232523374228465,9.006016800825789,9.01319650261391,0.36273522271100017,11.392608301435661,-0.8171170638162629,194.06095435389895,0.635347288846542,13.906591030893166,13.930576239118716
5,"(4, 'donovan', 19)",0.5497817633985617,4.158481443856081,-0.8820262550432426,36.59367713028832,0.4593530626486153,5.984622512889442,6.049270793268253,0.2354783355512109,8.790153844416054,5.657063060570043,110.29164663550489,0.26682047739011494,8.84812319727515,10.501982985870091
4,"(4, 'elcajon', 13)",1.6152313554844095,31.249127956144726,-16.097313101537225,2566.7209258486596,-24.331296023570168,48.03745869014029,50.66281600788353,2.1919072580452617,38.87761654046193,21.92904442338669,4527.652021728956,-14.432266761615852,63.61422155425327,67.2878296702231
3,"(4, 'shafter', 20)",0.39521212151302926,4.875254482217654,-2.2454659952769607,40.273194917240666,0.42367761885911437,5.935577257859979,6.346116522507341,0.3451184212083563,6.9244109380298315,1.2101971762429968,86.21340892083145,0.6919749667119812,9.205912832609634,9.285117604038811
