,Model,NO2 MAE,O3 MAE,NO2 CvMAE,O3 CvMAE
1,"(1, 'shafter', 15)",9.183722789489256,14.907590054735598,1.359960169677764,0.4543352644997425
0,"(1, 'shafter', 18)",5.9778523746629055,15.200036418538872,1.0705083157665691,0.46214891215118226
4,"(2, 'donovan', 15)",1.3914756984922334,1.8473889701206168,0.13099861784697345,0.043027355510260816
2,"(2, 'donovan', 18)",1.280171302850162,1.6707711505607283,0.12329111836631693,0.03918255900005111
3,"(2, 'donovan', 20)",1.4385690716080997,1.9002693295692918,0.13854613776365546,0.04456470001702367
7,"(3, 'elcajon', 15)",8.516154752541128,18.02269929053408,0.5368384733518093,0.7991233426831618
5,"(3, 'elcajon', 18)",9.737459977067557,18.28818341523094,0.6105755480487945,0.812461200104153
6,"(3, 'elcajon', 20)",10.672324049969669,16.55999580213795,0.6689597961732598,0.7360563687295251
