,Model,NO2 CvMAE,NO2 MAE,NO2 MBE,NO2 MSE,NO2 R^2,NO2 crMSE,NO2 rMSE,O3 CvMAE,O3 MAE,O3 MBE,O3 MSE,O3 R^2,O3 crMSE,O3 rMSE
2,"(2, 'donovan', 15)",0.03106794372353172,0.2979621276422719,-0.32328966001211334,17.113518724236485,-0.15393425669836325,0.4575770505035006,0.5595489665431437,0.00167790054374084,0.04327723452605525,0.1237306738231041,3.77155804912195,-0.07384502311554852,-0.026367260656947167,0.0725275476181082
0,"(2, 'elcajon', 19)",0.004017303695842855,0.05152461290955124,-0.33921907392833006,1.6782853879996082,-0.1255273477837533,0.00983509592603049,0.06705916284204427,0.0008205421206967101,-0.10282474008219111,0.45407896706474915,-5.858920260244929,0.013015313083314828,-0.05530863035071931,-0.17270171770126552
1,"(2, 'shafter', 13)",-0.012551612965921721,-0.14190345586900222,0.08845887559006438,-7.424983396783375,0.07603656901432165,-0.32361173194088444,-0.3267125360707457,-0.004113869548148796,-0.22754549901324772,-0.29195315173944625,-12.178193025560518,0.017984038033961758,-0.3513433888574351,-0.4209621492865292
5,"(3, 'donovan', 13)",0.0015632526774121969,-0.06232902062501111,-0.052032526647888266,9.658948026371974,-0.13806575237661245,0.5017621752119492,0.5042396014725163,-0.0021485584497984433,-0.06487377189687926,0.024890664137857677,0.05604514024636842,-0.00705152111932672,-0.00979503729936404,0.0022655031409417603
3,"(3, 'elcajon', 15)",-0.005151350892614093,-0.13574701101603104,0.010022114576048402,-5.3777429281636415,0.034940718297919116,-0.2389718505490972,-0.23609230572519735,-0.007771149204557126,-0.13345270081848248,0.1763866798712579,-6.597876973172049,0.03009694621495962,-0.17874755178380575,-0.21250122528157256
4,"(3, 'shafter', 19)",0.00544399823577002,0.018741171883244867,-0.08976875149006447,-22.74033075327742,0.3810432396321013,-0.934399022907705,-0.9382062472059811,-0.004299998724209608,-0.014415454631610203,-0.03826825266050626,-67.40315631286654,0.1737015214772688,-2.272601989762082,-1.9625834516882819
