,Model,NO2 CvMAE,NO2 MAE,NO2 MBE,NO2 MSE,NO2 R^2,NO2 crMSE,NO2 rMSE,O3 CvMAE,O3 MAE,O3 MBE,O3 MSE,O3 R^2,O3 crMSE,O3 rMSE
2,"(2, 'donovan', 15)",1.2091795715134093,12.8439827574336,-8.34498540931258,242.48776163554137,-0.8384331804359411,13.147204270959254,15.57201854723855,0.5149809848023379,22.110821821685434,19.080946919010735,677.9321107994934,-1.3294526733417507,17.71580018858823,26.037129465428663
0,"(2, 'elcajon', 19)",0.8161250237063697,9.185804316465163,-2.28579560098802,157.42715042960097,-1.438827568016852,12.337029034525658,12.546997665959813,0.3491831627213681,13.329970304919478,-4.231092603190839,284.8058255060986,0.32946428802370953,16.337186986602873,16.876191084071625
1,"(2, 'shafter', 13)",0.434112523725159,5.886962811842569,-0.3838332601892289,125.43593800575906,-0.449513745132319,11.193239294322753,11.199818659503334,0.3444791788058449,10.81923151218751,4.053286636274546,203.1831169116031,0.6182061729568245,13.66579615286994,14.254231544057474
5,"(3, 'donovan', 13)",0.47434357090946866,5.569015257764084,-0.7366485068601399,96.62607401264829,0.21422100638009645,9.802215236104228,9.829856255950455,0.3176489546627933,9.44997511256639,5.500506137091684,153.0263191534536,0.26302443581880686,11.08019635833318,12.370380719826436
3,"(3, 'elcajon', 15)",0.5453611366267651,8.651441245090117,-2.289004908332823,127.035946836343,-0.248509919714482,11.036140766085746,11.271022439705416,0.5034745965901644,11.35490702136223,-3.250958112329367,237.71707620901182,0.2356145380223187,15.071441325472422,15.418076281073843
4,"(3, 'shafter', 19)",0.5393451782047037,7.504822773018167,0.7220815183761425,135.721186637485,-0.5674985868206293,11.627544144705872,11.64994363237372,0.5312899710992219,12.15419679942195,-8.411097222706537,262.1406039091951,0.36447609994717256,13.834523662960697,16.190756742944263
