,Model,NO2 CvMAE,NO2 MAE,NO2 MBE,NO2 MSE,NO2 R^2,NO2 crMSE,NO2 rMSE,O3 CvMAE,O3 MAE,O3 MBE,O3 MSE,O3 R^2,O3 crMSE,O3 rMSE
2,"(2, 'donovan', 15)",0.5587438099453209,5.935012490972169,1.315687189454856,102.5010632250282,0.2228830255521057,10.038427716595464,10.124280874463539,0.2138839774768127,9.183155603926519,1.0580269615242686,151.00295570815862,0.4811364836487122,12.242693109737639,12.288325992915334
1,"(2, 'elcajon', 17)",1.063426801744833,11.971957957596713,-8.106984074386395,609.2264625251155,-8.42494897925064,23.313156429831253,24.682513294336854,0.4813785690534424,18.360185422489042,11.285267656968719,1507.5135619965213,-2.5475498451893923,37.150454868062916,38.82671196478684
0,"(2, 'shafter', 12)",0.43431138841182226,5.837950306175408,0.15287744377084175,86.10490573899384,0.01731444832658713,9.278013421622285,9.279272910039548,0.3726513742593965,11.78404111388078,1.5759180090739444,249.8319422195306,0.5283222782953129,15.727314573369902,15.80607295375833
5,"(4, 'donovan', 17)",1.2290363728942724,9.361941286196107,-3.7424144944137843,216.85982730148396,-2.253008366982512,14.24268797470663,14.726161322676184,0.356940341018359,13.268550623896534,0.7998943230972961,286.109511537999,-0.88423368069888,16.895848053635213,16.914771991901016
4,"(4, 'elcajon', 12)",0.27047838235410493,5.231355032957691,-2.4004910584495334,44.3154131429002,0.5617172079314408,6.209110714659733,6.656982285007238,0.3206763740910146,5.694969911007226,0.7792197645506247,62.896530750129976,0.789838985036102,7.892360123029603,7.930733304690682
3,"(4, 'shafter', 15)",0.47756948811810945,5.927891750975461,1.0948781708553923,54.348788571666574,0.2350732226358161,7.290406732998485,7.372163086344915,0.4518466366768429,8.920868093775749,6.77638651803975,156.01997334949797,0.4366614443732144,10.492881349467604,12.490795545100319
