,Model,NO2 MAE,O3 MAE,NO2 CvMAE,O3 CvMAE
0,20.0,0.7089466856458866,0.853970690045615,0.04910376900833437,0.03056605311669184
1,21.0,0.4022976528848127,0.6747853605649486,0.046544750617016094,0.017701381618493734
2,18.0,0.843360121082514,1.030136356380175,0.06023360698056442,0.03628019283289668
3,19.0,0.4153224133384124,0.700033228821754,0.04805168018225706,0.01836369911556123
4,15.0,0.8566195542455289,1.118079989621935,0.06506809534752295,0.03855764557485018
5,17.0,0.3929861020427199,0.6449153996828655,0.03490785865197398,0.016908786328465084
6,11.0,0.718655269683819,0.8593039987600744,0.06794868345467121,0.02730457475524658
7,12.0,0.7330388257722532,0.9236348672484075,0.06915970291774086,0.029355215757788922
8,13.0,0.7400703536177298,0.9261788770997629,0.07122768143242772,0.029413895357871978
