,Model,NO2 MAE,O3 MAE,NO2 CvMAE,O3 CvMAE
0,20.0,0.0032779485858450697,0.02083909066673295,0.0005141437610830871,0.0007512782634864351
1,21.0,-0.01485916697552242,-0.018570606826152747,-0.0012197362365206563,-0.0005702593977972605
2,18.0,0.037532913416183034,0.053078373334604856,0.002851265534443752,0.001448780252301364
3,19.0,-0.010206976248546162,0.005989710142162097,-0.00066902538460651,7.193331897409339e-05
4,15.0,0.012285852237785555,-0.03869378316966077,0.000830508745054151,-0.0014287148035119351
5,17.0,-0.42339218559018443,-0.6752472565379891,-0.03767384253710047,-0.017202743568680644
6,11.0,-0.002446707874918852,-0.006990713285056183,0.0012156821007459767,-0.00037922350102002553
7,12.0,-0.009523480489371128,0.009660037738178029,-0.00014227415813095057,0.00017162082468838435
8,13.0,-0.019603307937287817,-0.003815473182722906,-0.0008153090190995971,-0.00024353907885332066
