,Model,NO2 MAE,O3 MAE,NO2 CvMAE,O3 CvMAE
0,20.0,-0.588801298301783,-0.7000128746287763,-0.04056888106933061,-0.025063844460234228
1,21.0,-0.43550605229430994,-0.7039250125056857,-0.04940221499482259,-0.018139710949686964
2,18.0,-0.6254032153551785,-0.753022073453076,-0.044772476157273845,-0.02675252402347797
3,19.0,-0.43905948619350765,-0.7187320296977898,-0.04979091561124415,-0.018517306164802093
4,15.0,-0.5278393323609407,-0.6864707693030706,-0.04026800162992419,-0.0238871757220048
5,17.0,-0.42358131630535223,-0.6706116453088766,-0.037690589034561725,-0.01708181640408356
6,11.0,-0.6190803644106071,-0.7102661903798885,-0.056621583183644617,-0.02276561736806262
7,12.0,-0.6321341012981554,-0.743143471207384,-0.057983586757936634,-0.023745877442358135
8,13.0,-0.6812350321194766,-0.8119897576008888,-0.06373001442017363,-0.025818040623034996
