,Model,NO2 MAE,O3 MAE,NO2 CvMAE,O3 CvMAE
0,20.0,0.0032779485858450697,0.02083909066673295,0.0005141437610830871,0.0007512782634864351
1,21.0,-0.4251085824644608,-0.6762795714556796,-0.04929589126845461,-0.01769128702751774
2,18.0,0.045362422148714776,0.04158905200092078,0.0033336829613240734,0.0011038687323744953
3,19.0,-0.435157896084935,-0.7179658335317386,-0.05046169243171562,-0.01878238451431561
4,15.0,-0.021220119532909476,0.006492706197366749,-0.00048163462398798096,0.0002611746632059167
5,17.0,-0.42339218559018443,-0.6752472565379891,-0.03767384253710047,-0.017202743568680644
6,11.0,-0.002446707874918852,-0.006990713285056183,0.0012156821007459767,-0.00037922350102002553
7,12.0,-0.009523480489371017,0.009660037738178029,-0.00014227415813095057,0.00017162082468838435
8,13.0,-0.019603307937287817,-0.003815473182723017,-0.0008153090190995971,-0.00024353907885332413
