,Model,NO2 MAE,O3 MAE,NO2 CvMAE,O3 CvMAE
0,20.0,-0.5819692710205615,-0.7093582774509306,-0.03909869533089423,-0.025876306810128914
1,21.0,-0.01485916697552242,-0.018570606826152747,-0.0012197362365206563,-0.0005702593977972605
2,18.0,0.045362422148714776,0.04158905200092078,0.0033336829613240734,0.0011038687323744953
3,19.0,-0.010206976248546162,0.005989710142162319,-0.00066902538460651,7.193331897410032e-05
4,15.0,-0.021220119532909476,0.006492706197366749,-0.00048163462398798096,0.0002611746632059167
5,17.0,-0.4233921855901844,-0.6752472565379889,-0.03767384253710046,-0.017202743568680637
6,11.0,-0.6075878047828569,-0.7340231609759108,-0.05752180009716167,-0.023443809366292874
7,12.0,-0.6105140291502535,-0.7661765271910991,-0.05701415195832195,-0.024435659915341655
8,13.0,-0.62238244025919,-0.7817915896293928,-0.05926616753841958,-0.025028598685382777
