,Model,NO2 MAE,O3 MAE,NO2 CvMAE,O3 CvMAE
0,20.0,0.7089466856458866,0.853970690045615,0.04910376900833437,0.03056605311669184
1,21.0,0.48434945937234447,0.8063302370557038,0.05614928171803398,0.02112996043934443
2,18.0,0.841794162738513,1.0324343037002457,0.060137592887803376,0.03634819731055456
3,19.0,0.5003145896211211,0.8448277317080318,0.05800007473257626,0.02213879094282134
4,15.0,0.8633209619976433,1.1090424039578812,0.06533165208458712,0.03822016562408763
5,17.0,0.3929861020427199,0.6449153996828655,0.03490785865197398,0.016908786328465084
6,11.0,0.718655269683819,0.8593039987600744,0.06794868345467121,0.02730457475524658
7,12.0,0.7330388257722532,0.9236348672484075,0.06915970291774086,0.029355215757788922
8,13.0,0.7400703536177298,0.9261788770997629,0.07122768143242772,0.029413895357871978
