,Model,NO2 MAE,O3 MAE,NO2 CvMAE,O3 CvMAE
0,20.0,0.6362668952799975,0.7470194752677043,0.04403674272702236,0.026735935512667702
1,21.0,0.4154472997919536,0.6931732059659506,0.04818685445690262,0.018214404949997993
2,18.0,0.7035807304042501,0.9098915048506956,0.050711296570888555,0.03218920578583993
3,19.0,0.4298551879743312,0.7232904738183844,0.04985799496310698,0.01900579173172933
4,15.0,0.6947135460817428,0.9172923791718056,0.053623509284569486,0.031696456816086814
5,17.0,0.39212657401361817,0.6479389982277772,0.03483150917602221,0.01698806088411085
6,11.0,0.7511416924984502,0.9805829820210789,0.07091613622595459,0.03117204256572925
7,12.0,0.7455413063021172,0.9861106357915622,0.07037007875167692,0.03135684879418699
8,13.0,0.6652049436690769,0.855862821590718,0.06401511064363445,0.02720216534917565
