,Model,NO2 CvMAE,NO2 MAE,NO2 MBE,NO2 MSE,NO2 R^2,NO2 crMSE,NO2 rMSE,O3 CvMAE,O3 MAE,O3 MBE,O3 MSE,O3 R^2,O3 crMSE,O3 rMSE
1,"(2, 'donovan', 18)",-0.012895717684633046,-0.19573594698575913,-0.1033649327913988,-10.85293150814502,0.03632054671335461,-0.4604775160888579,-0.4713469854525645,-0.0019496748195788338,-0.06426513387859778,0.24832097608497206,-1.3608805408092906,0.02154539210377915,-0.1024766710329903,-0.054028575291406256
0,"(2, 'elcajon', 19)",-0.001724863858290182,-0.012301234668703032,-0.3154593411462061,-0.268091271357207,-0.14154990607535733,-0.12368402083070329,-0.008879848079461183,-0.0017492344150523143,-0.1937891232333211,0.04931906287558918,-7.421653753337807,0.016734108878876164,-0.22797597182845664,-0.22492924248858515
2,"(2, 'shafter', 13)",-0.01035590056547292,-0.1140283913875706,0.08391356928139038,-2.8072775319917795,0.02833133777596153,-0.17984847888222877,-0.19014447111709654,-0.0007502880414318458,-0.12556847213640232,-0.3350648196607384,-1.9357470338072176,-0.0019182683822602797,0.037961517328493954,-0.06205951064807813
4,"(3, 'donovan', 13)",-0.003158699844500845,-0.11215554657032634,-0.06249612824647033,-9.399084433998993,0.025619508398677437,-0.5659772799437448,-0.5638315633884332,-0.0027534213143847186,-0.08290153548055734,0.02658720024610517,3.8569029487190676,-0.025581415591937384,0.155395251506242,0.15247325990239524
3,"(3, 'elcajon', 18)",-0.0017062848872873015,-0.03157168579463132,-0.04559394667866812,-1.7278613092901125,0.01739129583140886,-0.10880487329074207,-0.11760826770240751,-0.0002847693722060063,-0.016561191774035144,0.04630075389124766,-0.9465674759029099,0.0045597759934546955,-0.04161249493856545,-0.05237578048047098
5,"(3, 'shafter', 19)",-0.0016942759299074517,-0.08241514129653726,0.02241016189051709,-7.910165481344023,0.20158501461894907,-0.32948356117808153,-0.33012511156257673,-0.0023421124664289583,0.020306182759762592,-0.023958086121151467,-8.14943211926169,0.026590174699352875,-0.32305492468286445,-0.27808859512173534
