,Model,NO2 CvMAE,NO2 MAE,NO2 MBE,NO2 MSE,NO2 R^2,NO2 crMSE,NO2 rMSE,O3 CvMAE,O3 MAE,O3 MBE,O3 MSE,O3 R^2,O3 crMSE,O3 rMSE
2,"(3, 'donovan', 13)",-0.006499571688319161,-0.26226185443604066,-0.1943878826390204,-33.457101151381494,-0.0735198713386227,-0.7345119383774446,-0.7571754784066407,-0.00879746796108627,-0.26361372297505525,0.27261924637010004,-15.157285176979713,0.03836426400481452,-0.2610412571213807,-0.2724766870816637
1,"(3, 'elcajon', 18)",0.005212659296393141,0.07472126434026904,-0.028616692309882286,2.6923204666483116,-0.023739449407689905,0.10341660221738813,0.09520578201663277,0.0005405301801931772,-0.00992072844934988,0.0938892822879076,1.615506899479044,0.0012399227447330574,0.13161106387457266,0.04312238039339178
0,"(3, 'shafter', 17)",0.001698260456442835,0.02316409826528698,0.08665161155017476,7.46852985487871,-0.020613393422659554,0.42446248939464226,0.4016212257084,-0.004604746555865513,-0.022169546836574128,0.03668871676064889,1.0070346242827668,0.0037378904731576457,0.03806730995562191,0.04404748058509789
5,"(4, 'donovan', 17)",0.17030084265909218,0.7012715788236417,0.21224601161929502,58.77582784166819,-0.9316259972269472,1.896375438459497,1.8783896770503947,0.0157047147381017,0.9593126296371501,-0.8306443476410772,66.95566325926114,-0.7048322578293531,1.9759137531933142,1.7086023700696202
4,"(4, 'elcajon', 13)",-0.009976766664744563,-0.22789708462051195,-0.1482285200805542,17.248739635387324,-0.39487005662940966,0.3508100041853588,0.2782973588845685,0.008286732278113496,0.20729623814166942,-0.18983963410230764,142.5742751455041,-0.4913874721900626,1.5675843455394443,1.538961583967506
3,"(4, 'shafter', 18)",0.005142821373441686,0.01913499709084121,-0.0981404415039715,3.3977606557837703,-0.10123208109140469,0.09981743407204746,0.11644213644338208,0.00035670805864163047,-0.004457993180528419,-0.03333457740812551,-1.3948964138831172,-0.0062164308937353585,-0.041958669415318894,-0.043633679834632844
