,Model,NO2 CvMAE,NO2 MAE,NO2 MBE,NO2 MSE,NO2 R^2,NO2 crMSE,NO2 rMSE,O3 CvMAE,O3 MAE,O3 MBE,O3 MSE,O3 R^2,O3 crMSE,O3 rMSE
0,"(2, 'donovan', 18)",0.7545070863172412,7.843205735332729,2.1462112802849096,154.97024056122115,-0.1943878651580293,12.262300660117942,12.448704372794028,0.2239410913890555,9.540925531924602,3.6396895514657626,171.04541408357272,0.41190241546220263,12.5617703367521,13.078433166231065
2,"(2, 'elcajon', 21)",0.707704259807757,7.9477484917649575,3.566751643576225,112.68277134440333,-0.7476536420067899,9.998052433598442,10.615214145009197,0.3745896368307146,14.295883051564736,-2.0472982743479164,327.39354694307195,0.22879320757137322,17.977822917492016,18.09401964581314
1,"(2, 'shafter', 12)",0.45982412797422384,6.18088882842863,0.4798885729714403,67.73484534594776,0.22696560323679205,8.216115380058598,8.23011818541798,0.3538600982756467,11.189820391590757,-1.0654090015518072,196.59639690390003,0.6288299255765349,13.980747492768492,14.021283710983814
3,"(3, 'donovan', 12)",0.3593896720649708,4.262995320739863,1.4218798307533396,51.79957764067445,0.575114076765642,7.05534091203001,7.197192344287767,0.24889516757884608,7.441366513766002,1.1590042766626862,96.75302007531046,0.5390778896677778,9.767790389237685,9.8363113043107
5,"(3, 'elcajon', 18)",0.3524161754929883,5.620404123353666,2.0991395914953834,64.72786294018084,0.372794389414303,7.766690135554241,8.045362822159163,0.29919518669821693,6.734766473266427,-2.523566697261423,86.41240259463785,0.721718546344321,8.946732079838005,9.295827160325102
4,"(3, 'shafter', 21)",0.4977793804945926,6.8136026314557006,0.254633782359849,88.90686628863781,-0.04551079498872013,9.425604972557114,9.429043763215748,0.48410619269962496,11.039656405390403,-3.8771080931688,224.71789230048483,0.42052904063898155,14.48053608255249,14.990593460583368
