,Model,NO2 CvMAE,NO2 MAE,NO2 MBE,NO2 MSE,NO2 R^2,NO2 crMSE,NO2 rMSE,O3 CvMAE,O3 MAE,O3 MBE,O3 MSE,O3 R^2,O3 crMSE,O3 rMSE
2,"(3, 'donovan', 12)",0.6559760814093476,7.781033187452811,-1.460526342944177,117.69572456432836,0.03460107456582229,10.750004044055135,10.848766038786547,0.4202437434450824,12.564276560738218,6.412442487893675,239.96447800036964,-0.14316776384455987,14.101243118062268,15.49078687479657
1,"(3, 'elcajon', 15)",0.8442335253451599,13.392660846417368,6.939715658410484,454.2933971313209,-3.464797774994665,20.152760006058053,21.314159545506854,0.9198554569125817,20.74558132043614,-16.850696688859507,898.927764836222,-1.8905256861090867,24.798826299732486,29.982124088133283
0,"(3, 'shafter', 17)",0.42772687289831907,5.8547241226195466,-1.1737403183641588,66.41057595293967,0.21903698827038542,8.064298508875925,8.149268430536551,0.5560465347598436,12.6801986459311,7.308823558766325,305.5177052356582,0.2121738240675829,15.87761948197249,17.479064770051576
5,"(4, 'donovan', 17)",1.2364311715751113,9.418269701367599,-5.8857972398181815,133.54673467885848,-1.003269350065315,9.945055324560098,11.556242238671638,0.6469811441658347,24.05024335321443,19.901687552852014,800.2887293674019,-4.27046783608065,20.105013311159986,28.28937484935646
4,"(4, 'elcajon', 12)",0.40986642108867116,7.927275910706569,1.5210128955172673,113.14568155310317,-0.11901935928445595,10.527687378782751,10.636995889493573,0.5362433899667924,9.523277102948157,0.8104350950163863,157.1609081622866,0.4748661718203613,12.510159969199247,12.536383376488077
3,"(4, 'shafter', 15)",0.5310097489798775,6.59122575663142,2.9123606385723906,77.10960893786401,-0.08527174604591359,8.284187615519457,8.78120771522141,0.7184194587913347,14.18385068662771,6.723370252272098,313.31128781262385,-0.13126752010497977,16.37399096495017,17.70060134042411
