,Model,NO2 CvMAE,NO2 MAE,NO2 MBE,NO2 MSE,NO2 R^2,NO2 crMSE,NO2 rMSE,O3 CvMAE,O3 MAE,O3 MBE,O3 MSE,O3 R^2,O3 crMSE,O3 rMSE
2,"(3, 'donovan', 12)",0.6168584020668725,7.317028523554103,-1.4199228678407878,111.0447522515881,0.08915566053383273,10.44167473445354,10.537777386697257,0.4155348374409542,12.423491603776405,6.885948043774769,255.2310535589097,-0.21589626594724787,14.415782163998625,15.975952352173241
0,"(3, 'elcajon', 15)",0.7034298421089475,11.158994545688545,3.9017579053566194,270.02233841383475,-1.6537808899750503,15.96241282419301,16.432356447382546,0.6967537202237807,15.713948158479578,-10.898869443522935,412.3443212981727,-0.32590392560712633,17.133562561978017,20.306263105213937
1,"(3, 'shafter', 21)",0.5274811353686392,7.220160160953157,1.8695705938168325,99.64551205877494,-0.17179316827346125,9.805621742581483,9.982259867323378,0.4196599932253138,9.570012121639024,-0.18105628619969305,157.45224442908074,0.593984251993324,12.546691307757596,12.547997626278097
5,"(4, 'donovan', 21)",1.2609098463131903,9.604731160699448,-6.152801941392009,143.40437287518637,-1.151138966722164,10.273626514662334,11.975156486459221,0.4793165371353298,17.817643474274018,14.683209902729807,466.46908037618414,-2.0720291245287905,15.838952849655929,21.59789527653526
3,"(4, 'elcajon', 12)",0.43311015008629067,8.376835678175194,2.5548935007849036,135.84914286336303,-0.34355831101654366,11.37196825173589,11.655434048690037,0.5598015742929466,9.941652642074503,-0.2925218835397154,183.44118512720556,0.38705386143361853,13.540886828324654,13.544046113595655
4,"(4, 'shafter', 15)",0.8078998425208478,10.028159108249577,-5.587810474419269,178.71828150447288,-1.515353197744504,12.144737774199498,13.368555700017593,0.8507790638466101,16.797043929198722,11.622087263506419,498.7688020193268,-0.8008956833485694,19.070812515529866,22.33313238261321
