,Model,NO2 MAE,O3 MAE,NO2 CvMAE,O3 CvMAE
0,"(15, {(1, 'shafter'), (3, 'elcajon')})",4.641258830780851,6.699894349689672,0.33373588855101916,0.2654187693680331
1,"(15, {(2, 'donovan'), (3, 'elcajon')})",4.929196239611921,6.500250768053637,0.3404387657647004,0.23223641915809617
2,"(18, {(1, 'shafter'), (3, 'elcajon')})",4.018518707209256,4.634544940835453,0.2641444672517653,0.19683775362708766
3,"(15, {(1, 'shafter'), (2, 'donovan')})",6.333363722158841,8.627097984953505,0.6681062376967503,0.22685253758785306
4,"(18, {(2, 'donovan'), (3, 'elcajon')})",4.522039358670446,5.091524867757404,0.31284042348313285,0.18223145981709546
5,"(18, {(1, 'shafter'), (2, 'donovan')})",6.495420830345722,7.563168187477274,0.6571625003616374,0.18595860540611525
