,Model,NO2 MAE,O3 MAE,NO2 CvMAE,O3 CvMAE
0,15.0,-2.228583106150352,-4.526780718226073,-0.3126850747386771,0.004007629767241283
1,15.0,-2.3920016291225403,-4.503363977525394,-0.5427000443836543,-0.10187306648630182
2,18.0,-2.8516130281352705,-3.2448212494973863,-0.39553376350257974,0.011827226753240133
3,15.0,0.9607310389920372,1.6049870525267664,0.32984650718708974,-0.08473262676964688
4,18.0,-2.6506539232657254,-5.734776275647063,-0.5894019965578834,-0.139235376170419
5,18.0,1.6912235639014526,2.12243910607296,0.3559715833283243,-0.05567552977915291
