,Model,NO2 MAE,O3 MAE,NO2 CvMAE,O3 CvMAE
0,15.0,4.641258830780825,6.69989434968973,0.333735888551019,0.26541876936803666
1,15.0,4.9291962396119,6.5002507680536095,0.34043876576469895,0.2322364191580952
2,18.0,4.018518707209295,4.634544940835436,0.26414446725176854,0.19683775362708741
3,15.0,6.333363722158841,8.627097984953505,0.6681062376967503,0.22685253758785306
4,18.0,4.522039358670506,5.091524867757373,0.31284042348313706,0.18223145981709435
5,18.0,6.495420830345722,7.563168187477274,0.6571625003616374,0.18595860540611525
