,Model,NO2 CvMAE,NO2 MAE,NO2 MBE,NO2 MSE,NO2 R^2,NO2 crMSE,NO2 rMSE,O3 CvMAE,O3 MAE,O3 MBE,O3 MSE,O3 R^2,O3 crMSE,O3 rMSE
2,"(3, 'donovan', 13)",0.9849633186305405,11.563929788854091,-6.0268847078026475,330.03935911446547,-1.6839338978625529,17.138145178105958,18.1669854162562,0.44762891133774424,13.316845560840584,4.009686565140881,298.3536841899578,-0.4368729245257368,16.80107447612095,17.27291765133956
1,"(3, 'elcajon', 18)",0.937990434922085,14.959260314109148,6.696964930906219,489.4244488614996,-3.7424670974760197,21.084949823064647,22.122939426339794,0.6879245469081112,15.484912126366623,-11.979864981188367,425.12647070370923,-0.36907213203996525,16.78121883751773,20.61859526504435
0,"(3, 'shafter', 21)",0.4459161593311601,6.1036990194502785,0.6146734055714593,75.95636500048369,0.10678215450432549,8.69359196689452,8.715294888899841,0.39750804343999874,9.064854538391424,1.2254637364197292,153.69125204060248,0.603682571273512,12.336510477035095,12.39722759493438
5,"(4, 'donovan', 21)",1.21455147915786,9.251605475403347,-5.22663380847998,126.16874737899674,-0.8925957655817551,9.942386367738566,11.232486251004127,0.5373795166230796,19.976019802680813,18.638312610363332,563.5378665413414,-2.711295799913874,14.702080357637293,23.73895251567224
4,"(4, 'elcajon', 13)",1.556941572257581,30.121422696829207,17.0261567339178,3489.381708588786,-33.437152909511646,56.56405034814727,59.07098872195035,2.2732824415714155,40.32095916795105,-36.22334652990317,3994.908999537926,-12.61643983976201,51.79554225993389,63.20529249626115
3,"(4, 'shafter', 18)",1.2709620095047771,15.686534847379528,6.068942364696638,420.36821261916475,-5.0134131844545635,19.5840790951472,20.50288303188517,0.5967207839375422,11.955462147414904,-1.8766364798599904,253.54384622456251,0.09146910052014734,15.812086551425727,15.923060202880679
