,Model,NO2 CvMAE,NO2 MAE,NO2 MBE,NO2 MSE,NO2 R^2,NO2 crMSE,NO2 rMSE,O3 CvMAE,O3 MAE,O3 MBE,O3 MSE,O3 R^2,O3 crMSE,O3 rMSE
2,"(3, 'donovan', 13)",-0.002727903169394419,-0.17357799715480304,-0.19321492070417623,-19.13087389800927,-0.019745680604794424,-0.5813340399193034,-0.6092253224880011,-0.006006904408339286,-0.1810258690486215,0.3102720278554969,-12.28868214438603,-0.014395242760639526,-0.0750636137849412,-0.15110243370028087
0,"(3, 'elcajon', 15)",0.004258948289308395,-0.00453661419462037,-0.023251041438237863,1.6886826150267211,-0.058137058333078695,0.058189427083430445,0.04811585387694706,-0.0034968949258069593,-0.018239989579829086,0.06899130818716515,-3.625435530056052,0.030213470800829922,-0.047995717667859594,-0.08037610330878664
1,"(3, 'shafter', 21)",0.0029909381792370127,0.04085490134784742,0.08997552513135831,6.864715633655123,-0.00485931274872331,0.39261497131244916,0.34883567961915674,-0.001415055881460514,0.08293658963824946,-0.054715753569956505,1.1804628811426596,0.012477046955763238,0.05175584708108971,0.033019253297606355
5,"(4, 'donovan', 21)",0.10624607981032219,0.3772187470527051,-0.46751897151590693,7.043894654337706,-0.13020181272930542,0.06146039744186638,0.33622415047152643,-0.004793936674430899,0.2706265319338428,-0.6852206222738424,-5.02341880758928,-0.31413336800709946,0.6989820657762191,-0.11716661551941954
3,"(4, 'elcajon', 13)",0.009319165725509393,0.14414740835006157,0.16828105900029833,87.9325286822334,-1.1509449730131287,1.2379605484309124,1.2469802926726885,0.05583849984502187,1.0584719229072093,-0.6312465107164762,749.1624941246127,-2.564767568533771,5.459142674457041,5.475759343753623
4,"(4, 'shafter', 15)",0.008464611687448942,0.06054549428605949,-0.033507787823287255,2.2056734738628734,-0.017635545287948196,0.10828290605587476,0.10906718913340718,0.0017345337104578418,0.10743272659451719,-0.0007301616499990615,6.801767249892293,-0.05045602042434427,0.21069410212708206,0.15748996770598467
