,Model,NO2 CvMAE,NO2 MAE,NO2 MBE,NO2 MSE,NO2 R^2,NO2 crMSE,NO2 rMSE,O3 CvMAE,O3 MAE,O3 MBE,O3 MSE,O3 R^2,O3 crMSE,O3 rMSE
2,"(3, 'donovan', 13)",0.8267298722037885,9.706195160450408,3.2662463058925453,237.0482457622183,-0.9277149971964833,15.045925736627746,15.396371188115019,0.7717911027946369,22.9605878012473,-10.130166115064645,1647.3747418825276,-6.933765489054586,39.30336469467132,40.58786446565682
0,"(3, 'elcajon', 15)",0.7389124909985894,11.7218803684438,5.427950418032377,308.780363230577,-2.0346949513673116,16.7128009526726,17.57214737106928,0.7378125696942263,16.639952015076393,-13.9077722660025,506.8241849646655,-0.6297063927584643,17.703052128128977,22.512756049952337
1,"(3, 'shafter', 21)",0.5264077238418458,7.2054673072710145,-2.8456461720327804,100.27792740834087,-0.1792301312718101,9.601053333392025,10.013886728355823,0.5463345863351641,12.458725392227322,5.319607132823168,320.1194332511313,0.1745209373533344,17.082775305257275,17.89188176942636
5,"(4, 'donovan', 21)",1.1702712714385253,8.914309758245071,-6.682037059862243,113.27579355679671,-0.6991948615017727,8.284091625759112,10.643110144915193,0.49169317611048524,18.277720528963375,16.64794179561201,457.03986302844544,-2.0099310530115853,13.412154807460704,21.37849066301093
3,"(4, 'elcajon', 13)",1.0855851604170133,21.002309960104398,2.6756291338456686,1287.494754646783,-11.706449863834749,35.78177971879365,35.8816771437287,1.922918601090402,34.106594490856146,-13.89755690589697,5061.619307765499,-16.25226652320205,69.7744739100367,71.14505821043018
4,"(4, 'shafter', 15)",0.6368377606249543,7.904829353303905,-0.2631413039299734,103.34895750304631,-0.4545749240115775,10.162662748333968,10.166068930665693,0.8860866309404832,17.49412591053888,14.288240303045214,469.72033262521563,-0.6960108891755152,16.296212051561348,21.673032381861464
