,Model,NO2 CvMAE,NO2 MAE,NO2 MBE,NO2 MSE,NO2 R^2,NO2 crMSE,NO2 rMSE,O3 CvMAE,O3 MAE,O3 MBE,O3 MSE,O3 R^2,O3 crMSE,O3 rMSE
0,"(3, 'donovan', 13)",-0.0014946056760465343,-0.1550450128095857,-0.14641840577802978,-21.30706487901358,0.027444465151985842,-0.753488328374246,-0.7490421717534765,0.0007679063587677781,0.0211683594757055,0.3188416939385039,1.6749575814468471,-0.030823424166290803,-0.09172718293633864,0.03693405495619828
1,"(3, 'elcajon', 15)",-0.00043784341485419986,-0.06739558371877585,-0.13923375271877614,-3.2251117321675054,0.00488976505820693,-0.08148413872255844,-0.11502020274262748,-0.008025600083304552,-0.12580953018729346,0.11523340591687514,-3.3288775178349397,0.024677312070787494,-0.018929419115137236,-0.08507974467133295
2,"(3, 'shafter', 17)",0.001466141461396342,0.020002200675809156,0.13462874146104875,8.083929778332546,-0.04307752747378457,0.48382992982550377,0.49019126226668064,0.00029611390264411286,0.07645802447313343,0.042972223074122406,4.724889358444813,-0.007393114486913377,0.23349053808350462,0.23531321894654234
3,"(4, 'donovan', 17)",-0.07900416528908649,-1.186094475686689,0.9250800381539097,-28.452730352355474,0.3668449103255962,-0.5307085740077557,-0.9086395520574708,-0.015484220540872451,-0.14532209462215562,1.6307681973074413,3.4742732195733197,-0.35864828633945356,-1.1079883302921019,0.0820204142548846
4,"(4, 'elcajon', 13)",0.006771165706816795,0.10604669836927982,0.17972004474354808,18.677145287230132,-0.28013085246648783,0.4248853899405205,0.4583077835125877,-0.003132869987408249,-0.01720580670597016,-0.27322178237654016,6.687923279641495,-0.024461986915207845,0.12848796717708666,0.1321680444355593
5,"(4, 'shafter', 15)",0.009227369815077435,0.07001675560444998,-0.03198657221555834,1.7625395262463428,-0.011923217523532204,0.08323216904051556,0.0889917879565818,0.0030724718534140827,0.12889722623530275,0.08766994419312901,6.748667269931445,-0.04736532534861149,0.14075307591525643,0.16574621568612002
