,Model,NO2 MAE,O3 MAE,NO2 CvMAE,O3 CvMAE
1,"(1, 'shafter', 15)",-0.039269224416615955,-0.13515478921709345,-0.0034486509374100915,-0.00859446973165301
0,"(1, 'shafter', 18)",-0.008041672105099096,-0.4025583189720372,-0.01645557539783815,-0.01456999916691648
4,"(2, 'donovan', 15)",-0.6487513561764611,-0.7417203944808604,-0.06040053044907007,-0.01717396169155576
2,"(2, 'donovan', 18)",-0.8509268766515301,-0.8798264325114675,-0.07796411914922552,-0.02109530197804968
3,"(2, 'donovan', 20)",-0.598345194314339,-0.7932646456263757,-0.05374750256154934,-0.019096844728984395
7,"(3, 'elcajon', 15)",0.008112499694981068,-0.025119386089627938,0.00504699285665311,-0.003719175181615686
5,"(3, 'elcajon', 18)",0.33193220580009,0.12534750979396847,0.02149707783740773,0.006721155258287981
6,"(3, 'elcajon', 20)",-0.014520939918535092,-0.1509864441145261,-0.0016503271147105814,-0.004107920202795712
