,Model,NO2 CvMAE,NO2 MAE,NO2 MBE,NO2 MSE,NO2 R^2,NO2 crMSE,NO2 rMSE,O3 CvMAE,O3 MAE,O3 MBE,O3 MSE,O3 R^2,O3 crMSE,O3 rMSE
1,"(2, 'donovan', 15)",0.5835448012742179,6.198450207337923,2.3316611228943587,107.26850645503515,0.18673841453844686,10.091177488242996,10.357051050131748,0.22676440589001523,9.73617963012548,1.9990844986159941,169.09410935080874,0.4189731998251911,12.849037709492414,13.003619086654636
0,"(2, 'elcajon', 21)",0.34588402815547065,3.8843898775527745,0.558324685507148,34.56163762784481,0.4639662199165294,5.852342373021317,5.878914664106361,0.20678649917304623,7.891824327634369,-0.42745971923130566,100.00646791784438,0.7644252061008157,9.991183421413718,10.000323390663143
2,"(2, 'shafter', 13)",0.4298128833188499,5.8286557559690495,-1.246234935360919,62.230973051907036,0.28087075964181263,7.7896001905091845,7.88866104303557,0.3499101267011215,10.98980403507065,-0.3246154932976826,201.43483198675935,0.6214913100408685,14.18906111917504,14.192773935589877
4,"(4, 'donovan', 21)",1.1112293293891444,8.464569451871855,-6.376401072023901,103.1528382189634,-0.5473453519714444,7.905336653677791,10.156418572457685,0.3430703960878686,12.752962876275138,10.665235230300434,240.889439397282,-0.5864274927355839,11.275734870276022,15.520613370523796
3,"(4, 'elcajon', 13)",0.6924550353407023,13.396604721525406,4.874668109600015,725.0394005028562,-6.155506271807525,26.481635089151098,26.926555674702552,1.314187640066619,23.30960078041294,-15.404340871004923,1948.597836355288,-5.641694520123275,41.36791127474598,44.142925099672404
5,"(4, 'shafter', 15)",0.586028779688577,7.274156442948853,5.3965093900239856,85.19271458951513,-0.19903663611441225,7.488017160117941,9.229989956089613,0.4403556721846052,8.694000457315223,3.270095759262957,133.86701650249978,0.5166487334691758,11.098355293105962,11.570091464742177
