,Model,NO2 CvMAE,NO2 MAE,NO2 MBE,NO2 MSE,NO2 R^2,NO2 crMSE,NO2 rMSE,O3 CvMAE,O3 MAE,O3 MBE,O3 MSE,O3 R^2,O3 crMSE,O3 rMSE
0,"(2, 'donovan', 15)",0.5706402929547177,6.061377694492397,2.3669033719562758,101.90966055966975,0.2273667746521011,9.813634830720547,10.095031478884538,0.21559533207466627,9.256632989895218,2.2627345709756637,157.1581540310492,0.4599865145591865,12.330376563921869,12.536273530481425
1,"(2, 'elcajon', 19)",0.4363237204128242,4.910993043862695,-0.04999372802742206,46.88116568305945,0.27372706056989893,6.8467997364784114,6.846982231834653,0.23765247937999465,9.07231742887229,-0.5404805383475801,139.3338092931555,0.6719579213285645,11.79159404364884,11.803974300766479
2,"(2, 'shafter', 12)",0.3920960489767301,5.270497873759094,0.0691726805392171,57.84970710169155,0.3397812720486302,7.6055849529437785,7.6058994932678115,0.35615365332356336,11.262347554640439,1.710457339910067,212.4360923347412,0.5989248966721435,14.474475050990012,14.575187557446428
3,"(4, 'donovan', 19)",0.6072278526356512,4.5929965769841985,-1.7321125099137316,39.421060352696806,0.4175803795025258,6.034968648771748,6.278619303055155,0.25333146542307194,9.456592044816318,6.6625434091962905,125.06063873729252,0.16864148642442944,8.981712200379214,11.183051405465886
4,"(4, 'elcajon', 12)",0.26671323782962947,5.158532918352832,-2.3711720842972133,45.55643454273019,0.5494434123023582,6.319333627527165,6.749550691914995,0.3372441397131277,5.989200900047206,-0.22264093859489284,66.95684135027513,0.7762719569883203,8.179686567939596,8.182716013053069
5,"(4, 'shafter', 15)",0.5148594314408828,6.39075789489197,4.832527074144882,66.75560616154004,0.06045466634816554,6.588041306110678,8.170410403495044,0.4113578830557852,8.121493259448577,-0.37441918723754086,114.74931998886774,0.5856766618150907,10.705565332816546,10.712110902565737
