,Model,NO2 CvMAE,NO2 MAE,NO2 MBE,NO2 MSE,NO2 R^2,NO2 crMSE,NO2 rMSE,O3 CvMAE,O3 MAE,O3 MBE,O3 MSE,O3 R^2,O3 crMSE,O3 rMSE
0,"(2, 'donovan', 20)",0.0003658141717338692,-0.10800704332889222,-0.10499092863722748,-3.1460300897180105,-0.014288690458506004,-0.09285131669232172,-0.12957705256459384,0.0032080547105851343,0.20061577708099954,0.25707194326138527,5.457417892419841,0.004521779935952153,0.11978103324396017,0.1984783139513535
1,"(2, 'elcajon', 19)",-0.002969817065984315,-0.02912940822906318,-0.3321255689430238,0.750660850608682,-0.060932741140636404,0.0381010884502615,0.04262665137892441,0.0029059733563323586,-0.009392953732090703,0.16336106659806826,-2.2385282391834096,0.004626174992707455,-0.050896805226692265,-0.07235184981333553
2,"(2, 'shafter', 12)",0.001843104673281637,0.03348825091566088,-0.12825258031341158,4.88135119238062,-0.03569144736268093,0.3137921500126879,0.29322826325169515,0.0025000755407121877,0.12008813445859623,0.09860954396741883,2.8228144449204535,-0.003113118347755961,0.12212733740882342,0.10371134346982025
3,"(3, 'donovan', 12)",-0.0019383112072943187,-0.0797790254940729,-0.08270479483542559,-4.469960430567582,0.022499428037631053,-0.28521715260867797,-0.29695305979042175,0.000372611996829586,0.028062232444173496,0.016700744814965862,-0.189322203057543,0.004179126134067568,-0.009177013592397643,-0.01015608290843062
4,"(3, 'elcajon', 20)",-0.001734610106787604,-0.02230282201669631,0.018186460157813222,0.09284139954473858,0.0005863535137917708,-0.0026759575917827405,0.006163821907306577,0.0001764273598342525,-0.021898187960259996,0.02124789530551907,0.7672553482315152,-0.000793504752163332,0.03750179509219542,0.04071970248257628
5,"(3, 'shafter', 19)",0.007170585565049181,0.05055951333991793,0.09203872598717044,-4.043326248630692,0.13344800768905207,-0.20999466931576194,-0.18929131406114585,0.002446969595346793,0.13173445774093828,-0.09632510539755756,-17.82424527450388,0.050342021705208295,-0.8044774595433957,-0.6018320720731332
