,Model,NO2 CvMAE,NO2 MAE,NO2 MBE,NO2 MSE,NO2 R^2,NO2 crMSE,NO2 rMSE,O3 CvMAE,O3 MAE,O3 MBE,O3 MSE,O3 R^2,O3 crMSE,O3 rMSE
2,"(3, 'donovan', 13)",-0.0011014595443860076,-0.1451759990973045,-0.1771623785870231,-19.263390772989197,0.025226518995752123,-0.6913340691569108,-0.7133973100772728,-0.002496589930304438,-0.07567708990640654,0.20194654412617696,-6.259312866822086,0.015664375138547904,-0.21393210344232472,-0.17400562460140634
1,"(3, 'elcajon', 20)",0.0038897835061079133,0.0722925894085229,-0.05475908739259783,3.1497116440781383,-0.023443927915378637,0.12780520719556776,0.09563513077236507,0.0019716295367020464,-0.017994042950137512,0.0672694635253297,-2.0832278107445177,0.01534845289315423,-0.013955768557813997,-0.04887473425504041
0,"(3, 'shafter', 17)",0.0015077678630150415,0.020572276133706602,0.11651556629003977,6.352421796668018,-0.027496412753712507,0.4033730857207747,0.4058144519469442,-0.0014531412802474275,0.0472779756473809,0.02167152676210904,1.080741493715422,0.003373034349637427,0.04526616583643772,0.04792784048537513
5,"(4, 'donovan', 17)",-0.004505123844756653,-0.5516091449065552,-0.21581398453129985,-18.20874887971337,0.23170375450964098,-0.8637100420748638,-0.6979610797446298,-0.004983444193195907,0.24678696071753592,0.4334558315636574,3.4675453443875313,-0.346699186144551,-0.26123783841457104,0.0833469719498261
4,"(4, 'elcajon', 13)",-0.008487434528395288,-0.19591906735801956,-0.138943381752048,-7.051516747090659,-0.08137218914194833,-0.07514780160015988,-0.1397966722926327,-0.017711536744206446,-0.24957557634889227,0.1536341138911972,-3.1258279327578293,0.005439903623179809,0.05842065046238076,-0.03502810340850715
3,"(4, 'shafter', 20)",0.0015969439273050279,-0.021270669346219684,-0.08123179970256666,-0.8076343177267944,-0.011842592470103996,-0.03162197274879652,-0.04379268767334921,-0.00952536957672856,-0.12353338274961878,0.10496094517129975,-4.930231283524108,0.01942798024399861,-0.1723386563508189,-0.17111065141308934
