,Model,NO2 CvMAE,NO2 MAE,NO2 MBE,NO2 MSE,NO2 R^2,NO2 crMSE,NO2 rMSE,O3 CvMAE,O3 MAE,O3 MBE,O3 MSE,O3 R^2,O3 crMSE,O3 rMSE
2,"(3, 'donovan', 13)",0.006442314234227031,-0.06253572025952714,-0.06859245447796392,-6.1446160325897665,-0.07875553765116439,-0.24474751602566158,-0.22587615630198243,-0.0030819984616508034,-0.09310730890059027,0.1099215061988641,-6.528723936608628,0.01681769523486598,-0.23933886685567174,-0.18062710475773613
0,"(3, 'elcajon', 18)",0.0024145034221522144,0.029542290991569686,-0.11267744583115791,-0.7223320561838307,0.00999595726670588,-0.04518500132154735,-0.022706813750648536,0.0007789051229023514,-0.0018279249697297217,0.11175405074897693,0.2686353328359701,0.004588702531993505,0.06187890148751052,0.00780073153109484
1,"(3, 'shafter', 19)",0.006257394160506746,0.03592416020445288,-0.02833309310049703,6.553468861188662,-0.016399143367649915,0.3634817807200008,0.360558326372054,0.0035981641564974964,0.13818470605052013,-0.12120059551628998,3.5237903126403296,-0.005112988802008833,0.17239881736316853,0.16679497560032885
5,"(4, 'donovan', 19)",0.17684179038392345,0.47656527516535796,-0.6802868231968624,30.382558295275288,-0.30847003720177657,0.9864301167568161,1.1843294940288924,-0.007363746855571507,0.38493904689212144,0.18768955986389813,24.044925777857088,-0.39521832172178595,1.0073558142458783,0.749829778147026
3,"(4, 'elcajon', 13)",-0.003829275126276399,-0.10309507139027119,-0.6567407204159372,21.463604863017167,-0.36283946564722225,0.5164248369324405,0.4207738943433341,0.004735106840924264,0.12280916963736033,0.6004654277148171,11.14284866753053,-0.0401469794279401,0.24716238442363192,0.19296436419688234
4,"(4, 'shafter', 18)",-0.006711448042238444,-0.1266866536722624,0.056592955466675754,-6.594071099766467,0.035518677469929205,-0.2092494463942547,-0.21614765128932234,-0.00496942153065949,-0.11124688738798838,-0.12461445057423925,-4.514508267931603,0.0052833374841230185,-0.15316472213317134,-0.14374432024052552
