,Model,NO2 CvMAE,NO2 MAE,NO2 MBE,NO2 MSE,NO2 R^2,NO2 crMSE,NO2 rMSE,O3 CvMAE,O3 MAE,O3 MBE,O3 MSE,O3 R^2,O3 crMSE,O3 rMSE
2,"(3, 'donovan', 13)",0.816096173136988,9.581350562607664,-2.7781915505784758,181.94768963039118,-0.4796282878110165,13.199596234676129,13.488798672616891,0.4721195240066555,14.0454350204168,6.83402229678882,323.3547720297311,-0.5572782960839711,16.63282637244246,17.982068068765926
0,"(3, 'elcajon', 18)",0.684338791773298,10.913972838145266,-3.1106293268585485,252.62781855856687,-1.4479347531741005,15.586911318326178,15.894269991370063,0.5715561582513816,12.865505273194643,-7.349395933363046,296.614476797395,0.044786335062279914,15.575649534432598,17.22249914493814
1,"(3, 'shafter', 19)",0.48523452848911275,6.7518896744038175,-2.0551177800503364,85.89998897043432,0.007906468732017391,9.037504140308535,9.268224693566419,0.3600240270878602,8.236185728657508,0.4124549734428506,113.35086404219632,0.7251963941633097,10.638643902352355,10.646636278289792
5,"(4, 'donovan', 19)",1.4081692757640758,10.651218706990829,-9.141509586843975,180.0713703088108,-1.6604332359249452,9.823653751935964,13.41906741576369,0.3747885052101096,13.990453143827015,12.980400644910143,269.2390176536268,-0.7898049440100905,10.037341107360445,16.408504430740383
3,"(4, 'elcajon', 13)",0.8600108157071035,16.638228283798984,3.192265719314502,661.2767569309285,-5.526224613914839,25.51639079214255,25.71530199960577,1.0695973730377337,18.971330273677005,-2.2583813139815527,839.2201626254083,-1.8604383374004008,28.881133838609824,28.9692968955998
4,"(4, 'shafter', 18)",0.9064994077463921,11.188245157920463,-5.055276491568622,229.3877669697501,-2.281417054952644,14.276972589458405,15.145552712586955,0.6170344382166614,12.362451699893944,-1.1986379448132445,244.34022049007513,0.12444871525559531,15.585361342764411,15.631385750792383
