,Model,NO2 CvMAE,NO2 MAE,NO2 MBE,NO2 MSE,NO2 R^2,NO2 crMSE,NO2 rMSE,O3 CvMAE,O3 MAE,O3 MBE,O3 MSE,O3 R^2,O3 crMSE,O3 rMSE
2,"(2, 'donovan', 18)",0.5344590450935648,5.555775848625735,2.0457492596959095,96.54074846164649,0.2559403790154662,9.610185132064254,9.825515175381211,0.21041392850850726,8.9646058716917,0.9147269687117028,145.0961903742503,0.5011224384943729,12.01080617748257,12.045588004503985
1,"(2, 'elcajon', 17)",0.8246469917129536,9.28379752931505,-5.768626462678257,192.45137558070977,-1.9772908883780071,12.616430734595466,13.872684512404575,0.32650721740989463,12.45326119360556,5.814329596555853,359.4915205660431,0.15402811604429978,18.046747459793465,18.96026161649789
0,"(2, 'shafter', 12)",0.4882390998406879,6.562838733805033,-0.26789392484052754,89.6248796031483,-0.022857797713119687,9.463250609287332,9.46704175564618,0.3846556659814617,12.163642738796211,1.9821860702589336,244.02655160608256,0.5392827399313624,15.49507954419558,15.621349224893558
5,"(4, 'donovan', 17)",0.8023786186827733,6.1119602992038224,-2.9994283911070165,70.8250038640534,-0.06241129594295258,7.86310582938796,8.415759256540873,0.3130002590563441,11.635165055126738,4.687153833003338,211.68819521578317,-0.39411662718861784,13.773844186874403,14.549508418355005
4,"(4, 'elcajon', 12)",0.3321642681406441,6.424429193869345,-4.210714217011673,68.67667150314709,0.3207825178270536,7.137685709628951,8.28713892143405,0.33346957040076813,5.9221674033581175,-0.18155492891667285,61.76490896436356,0.7936201599310533,7.856968084156547,7.859065400183635
3,"(4, 'shafter', 18)",0.3153678768438983,3.892350166928661,-0.2425888701107457,30.65983961526982,0.5614076463418101,5.531816155923889,5.537132797330205,0.2442395467498736,4.893405315635056,3.4685833761986418,49.13674328343212,0.8239269055922274,6.091442570821676,7.009760572475505
