,Model,NO2 CvMAE,NO2 MAE,NO2 MBE,NO2 MSE,NO2 R^2,NO2 crMSE,NO2 rMSE,O3 CvMAE,O3 MAE,O3 MBE,O3 MSE,O3 R^2,O3 crMSE,O3 rMSE
0,"(3, 'donovan', 12)",0.6317507415805771,7.493677933919783,-0.86665533070937,112.4782364986466,0.07739750910683918,10.570106199835646,10.605575726882845,0.435681224461731,13.025820090938725,6.128136584397963,275.1372413527318,-0.3107274358627319,15.413733622467818,16.587261418110337
1,"(3, 'elcajon', 15)",0.6144733950643653,9.747816844728026,3.5701497098271657,211.84253899499575,-1.0819895308332401,14.110158399775909,14.554811541033287,0.7620055353242409,17.18557810457589,-13.794468413874503,512.2351892072763,-0.647105618105299,17.942904728816362,22.63261339764536
2,"(3, 'shafter', 19)",0.3962797013867511,5.5141105318705,2.0753391406784165,69.58996294565736,0.19627752102124396,8.07978527993874,8.34205987425512,0.3334354375704323,7.627924765354828,-1.4753417355083571,103.35617657481102,0.7494271415727498,10.058804287826375,10.166423981657022
3,"(4, 'donovan', 19)",0.8290328679559672,6.27070235365813,-2.14095592358739,61.90298422847056,0.08542509360632855,7.570950538217187,7.867844954526656,0.3303986505259547,12.333427452305866,9.69628098567677,219.06873768776416,-0.4562908199881712,11.182614767181626,14.800970835987894
4,"(4, 'elcajon', 12)",0.4834754384068158,9.350956797389088,4.327441013593017,145.18685284499026,-0.4359089698962684,11.245448283438305,12.049350722963883,0.5431007891970212,9.645059327767852,-3.079969932157504,165.3542420644878,0.44748915518226695,12.484711770474306,12.859014039361176
5,"(4, 'shafter', 15)",0.7111673609969568,8.82745493107014,7.877608787088252,126.7183862132158,-0.7834856920692697,8.041247774732515,11.25692614407751,0.7118306590460932,14.053767139130509,-3.830865109527351,266.9889016152759,0.03598789965557048,15.884375161937228,16.339795029781612
