,Model,NO2 CvMAE,NO2 MAE,NO2 MBE,NO2 MSE,NO2 R^2,NO2 crMSE,NO2 rMSE,O3 CvMAE,O3 MAE,O3 MBE,O3 MSE,O3 R^2,O3 crMSE,O3 rMSE
1,"(3, 'donovan', 13)",0.008102085644048351,-0.03033576394046733,-0.16109051724511492,-7.667389353055114,-0.04944455508078516,-0.3481983806235647,-0.303553849039643,-0.0014155092491561216,-0.04356186884169411,0.16629068515826528,-2.3910827619773727,-0.002911008677665361,-0.15335983148252197,-0.06639681925392082
2,"(3, 'elcajon', 20)",0.004464695616838155,0.08023082951710592,-0.17361090756963682,2.551646385940984,-0.01946443931728359,0.14305624493999858,0.0898383316127731,-0.0002506481693019813,-0.06273279116762076,0.1329808550780971,-2.5572276203062074,0.01553161135211445,0.010956175182450067,-0.06531843412107108
0,"(3, 'shafter', 21)",-0.004949028940965883,-0.06782420158126978,-0.06564510114152733,3.4764352490509367,0.030693172279567138,0.1947908381889949,0.18336903716976138,-0.0017929078993410008,0.04671876642440864,0.16002226685494092,3.1677633042728246,0.0001896325588831571,0.10669058178950053,0.12030509016928015
4,"(4, 'donovan', 21)",0.10860915099125734,0.46832340257377236,-1.13220026007187,6.724233425456404,-0.11879874699390225,-0.15370543941984938,0.37367608948329156,0.000837684156978824,0.3456893191675565,0.8488208706914442,18.834100113745535,-0.32785203666952034,0.02259493393264478,0.5622048775121726
5,"(4, 'elcajon', 13)",-0.007766033070196521,-0.18217100340460846,-0.1240730757875923,-9.486077199892293,-0.0851727083460947,-0.1461161408659457,-0.17287349334482016,0.0037344153911087474,0.10512586071252272,-0.18774106677343205,3.592133614277145,-0.013931201768482726,0.009908046363651835,0.07063077015359198
3,"(4, 'shafter', 20)",-0.00646927009269449,-0.1271133744392321,-0.10833056460830147,-5.516417794388673,0.04871234904484134,-0.2672229475393042,-0.26591308807266145,-0.008685050679690276,-0.10902750706706676,0.1195845007165377,-5.166543376636469,0.02021010315609373,-0.1604865671250124,-0.18256106122958826
