,Model,NO2 CvMAE,NO2 MAE,NO2 MBE,NO2 MSE,NO2 R^2,NO2 crMSE,NO2 rMSE,O3 CvMAE,O3 MAE,O3 MBE,O3 MSE,O3 R^2,O3 crMSE,O3 rMSE
1,"(3, 'donovan', 13)",0.7432579098582688,8.72619530294959,-2.8936311689180125,155.69039489648307,-0.2660996844602199,12.137433553321468,12.47759571778486,0.4845678427350946,14.415769316973584,7.867275595700569,323.0217342470096,-0.5556743843570691,16.15944643162703,17.97280540836654
2,"(3, 'elcajon', 20)",0.6053852862248158,9.658201838861814,3.8156037663593323,202.95542471325172,-0.9660674378556613,13.725763813316231,14.24624247699202,0.6428004861337058,14.461899664505157,-10.885265902039471,381.9063517275111,-0.22983955476734197,16.23013672253193,19.54242440761921
0,"(3, 'shafter', 21)",0.4991276098827084,6.832057191179618,1.325782536915231,91.6045286789826,-0.07723427449123621,9.478756744611358,9.571025476874597,0.4147259237354176,9.45749459414156,1.2340468633445407,174.91898184219468,0.5489434811758848,13.167995656626772,13.225694002289433
4,"(4, 'donovan', 21)",0.9926139733559587,7.561040456868336,-4.623404855777092,84.35039879899175,-0.2652991403057994,7.9356491157266005,9.184247318043637,0.34878564982167476,12.96541612064384,11.176905856803716,290.06562129134187,-0.9102874640971292,12.8507741600036,17.03131296440007
5,"(4, 'elcajon', 13)",0.9428190770136996,18.24028110713564,6.918000782129419,748.0243778103007,-6.382347942986641,26.46064327787884,27.35003432923441,1.070402705227554,18.985614361632187,-8.392049371516439,648.4291609095599,-1.2101371172393738,24.041686006407506,25.46427224386277
3,"(4, 'shafter', 20)",0.6126789441352418,7.557879948419659,-0.17741350360325073,104.8502056759142,-0.500440189124054,10.238101929591247,10.239638942653896,0.5531955893664311,11.09924406951948,-3.0022959387128996,197.65262516975935,0.29382265230590254,13.734585620214995,14.058898433723723
