,Model,NO2 CvMAE,NO2 MAE,NO2 MBE,NO2 MSE,NO2 R^2,NO2 crMSE,NO2 rMSE,O3 CvMAE,O3 MAE,O3 MBE,O3 MSE,O3 R^2,O3 crMSE,O3 rMSE
2,"(2, 'donovan', 18)",-0.009681589679255587,-0.15642968905839716,-0.03564263462207573,-5.663731537920484,0.0072525943775804125,-0.27675010156618995,-0.27861842341625476,-0.004071111460334953,-0.15661670734688649,0.06794379855017585,-0.3689843252680305,0.01581074956313111,-0.01571205137480547,-0.015753240040076832
0,"(2, 'elcajon', 19)",-0.014040869806237699,-0.1543458090574692,-0.07788487746032469,-3.6707536616994787,0.022442273003481006,-0.2713589416762874,-0.2544763478308525,-0.004752502773401501,-0.2810841560913264,0.1909059345352544,-10.547386823331863,0.02438044430887043,-0.44283411894468117,-0.41260163157862983
1,"(2, 'shafter', 13)",-0.009331477863754878,-0.09826028495376882,0.07135605877218154,-2.302161480230339,0.021717040347558947,-0.1338534358813055,-0.14241821739908112,0.00039579524477595385,-0.09841443818370799,-0.4148049926243126,-2.7457906890209642,-0.0010809021747920644,-0.05429486192542754,-0.08310285217956448
5,"(4, 'donovan', 19)",0.06011145901633885,0.051614590288421525,-0.06494020442799009,5.427856984769754,-0.046514291268580865,0.44326366342623036,0.43699222649867764,0.004268705679012386,0.5675315752824712,-0.047356046959468046,14.669246783183894,-0.19114066519609096,0.9568460975882633,0.7166869042270072
3,"(4, 'elcajon', 13)",-0.01083641960753412,-0.2360629646385881,0.2644994158683147,-8.87361162435127,-0.06787633632388435,-0.0632712954846717,-0.17346963761383094,-0.0036966079525075912,-0.03968283987400767,-0.14590637093067338,0.8575889886634513,-0.003929354841767374,0.04492840534322795,0.021855051047811713
4,"(4, 'shafter', 18)",0.0006805866201035071,-0.00981525651021009,0.00010506484761022006,-0.20956925666659032,-0.0062831786243552346,-0.0172130625863538,-0.017194815226200255,-0.0006044017928270029,-0.016866605515752475,-0.04555952537214614,-0.33148267626431505,-0.0010487837288688517,-0.001864292663769973,-0.023225048317871533
