,Model,NO2 CvMAE,NO2 MAE,NO2 MBE,NO2 MSE,NO2 R^2,NO2 crMSE,NO2 rMSE,O3 CvMAE,O3 MAE,O3 MBE,O3 MSE,O3 R^2,O3 crMSE,O3 rMSE
1,"(2, 'donovan', 15)",0.02962001933170111,0.22071297665134892,0.04743406127835925,23.604293915178232,-0.36773426972694523,0.4511361716924789,0.280464421210624,0.0293840818293698,1.1759190995971096,-1.0752263579496173,165.00310363015797,-1.073370843611734,0.41035568854078264,1.093779447591217
0,"(2, 'elcajon', 21)",-0.0064836169197414195,-0.19395391057783407,0.03593323061556042,-9.439773650426162,0.03161038026640561,-0.49272630852430765,-0.38100047209036525,-0.0019763664950943616,-0.2973646941757693,-0.5308167891064848,-34.59925782869743,0.07917396276987176,-0.5940417291818392,-0.6542146060232348
2,"(2, 'shafter', 11)",0.0033393422984875354,-0.011599242028363932,0.03957312853116779,11.94371542774801,-0.14897390150489853,0.7597958121013209,0.7354825795108448,0.0027920714629939836,0.10243995384591642,-0.13254823639642188,23.591159539317147,-0.05016665160415246,1.0121598878155993,1.0121327102033852
4,"(3, 'donovan', 11)",0.004192716335369495,-0.023124193634204815,-0.05596302778161333,-8.378863329940387,0.041433024132903284,-0.510528713182401,-0.5036228322348482,0.0015775842958512531,0.08072623435093629,-0.038657616596068145,9.831938034300208,-0.04079755398975049,0.41826069308415725,0.4046028231272736
3,"(3, 'elcajon', 15)",-0.0027919015810140557,-0.16149722906059338,-0.08651659804788991,-6.294239406376846,-0.030464191506870186,-0.08764548417908813,-0.12074341782024689,-0.023566568127160403,-0.3939523404871821,0.3022429850553223,-51.922331131094325,0.2682748332126703,-0.3913710378255786,-0.4940634689780339
5,"(3, 'shafter', 21)",-0.005373685511601001,-0.07364180441992652,0.11939154345802727,3.7317538197403906,0.03679480294789261,0.17150000800648257,0.1854827362595497,-0.003799997225224505,0.027189100977652814,-0.02518422908035678,2.268102403121304,0.007837695969992176,0.0629334464694935,0.06748738247568653
