,Model,NO2 CvMAE,NO2 MAE,NO2 MBE,NO2 MSE,NO2 R^2,NO2 crMSE,NO2 rMSE,O3 CvMAE,O3 MAE,O3 MBE,O3 MSE,O3 R^2,O3 crMSE,O3 rMSE
1,"(2, 'donovan', 15)",3.482411334876345,36.99039596200049,35.636300073421815,1782.6094615195098,-12.51494343348408,22.642075358695738,42.22095997865882,1.5586134024917273,66.91940915956907,-59.146632041024425,5772.177706275953,-18.83386621564676,47.684941462437486,75.97484916915566
0,"(2, 'elcajon', 21)",0.8504516185186191,9.550847652431123,7.186808399803289,148.78239256155115,-1.3075407812961406,9.855565840747538,12.19763881091546,0.5055007149890585,19.291988868426138,2.9533336520283937,682.0583810831683,-0.6066537084668802,25.948722542329634,26.1162474540882
2,"(2, 'shafter', 11)",0.4353733632021518,5.844937373209634,-1.6450855348128384,72.03573213755242,0.1468011294643441,8.32642927040381,8.487386649467103,0.2783994497885459,8.78414050642301,-3.068047053839595,147.8716630485448,0.7217015484646533,11.766849579303901,12.160249300427388
4,"(3, 'donovan', 11)",0.4269006943836741,5.062391964262201,-0.7592922578047634,65.07291060173152,0.4643622364702332,8.03096420492827,8.066778204570367,0.2682802366845578,8.023992163129474,2.1532355266817955,152.58208049343583,0.27326601419580143,12.163291505435977,12.352411930203584
3,"(3, 'elcajon', 15)",1.1914894864286654,18.90142255045736,14.257487236622676,676.215932747372,-5.6458535629424285,21.747183196622306,26.004152221277508,1.6583011540767547,37.39981231523188,-33.66978867342099,2735.204633960372,-7.79512187797148,40.01937055159034,52.299183874706614
5,"(3, 'shafter', 21)",0.5288889999521108,7.239431007047957,1.359044272983833,103.0694634089149,-0.21205752858131088,10.060937440600352,10.152313204827504,0.5374796807772048,12.256796318945034,-4.766782761150555,283.506232686976,0.2689339199556222,16.148808420533644,16.837643323427894
