,Model,NO2 CvMAE,NO2 MAE,NO2 MBE,NO2 MSE,NO2 R^2,NO2 crMSE,NO2 rMSE,O3 CvMAE,O3 MAE,O3 MBE,O3 MSE,O3 R^2,O3 crMSE,O3 rMSE
2,"(2, 'donovan', 15)",1.7442105967755177,18.527116532640896,16.517575114220755,735.8948753867179,-4.5792240692835895,21.518935726648596,27.127382390984906,0.6259773787605158,26.876476403282975,-3.0006473127125144,1222.041850270316,-3.1990762934809984,34.82869480500273,34.95771517519868
1,"(2, 'elcajon', 21)",0.7517772208664979,8.442702146385287,1.4340375775123255,145.89527285098657,-1.2627629930248867,11.993281829575908,12.07871155591467,0.4115693690078519,15.707181909043413,1.0674466246190866,423.487892290428,0.002433792311580807,20.551117985857527,20.57882145047252
0,"(2, 'shafter', 13)",0.46970766240360556,6.369665443603224,-0.44151172883223555,73.93852946683872,0.1455804734992847,8.587409203625116,8.598751622580961,0.3705503584256217,11.638062215047407,3.5802357416913906,221.37552610695374,0.5840214944490614,14.441517866084437,14.878693696254176
5,"(3, 'donovan', 13)",0.4867077479459339,5.714176475894967,-0.26193290905650235,79.9551985453136,0.34979128470652676,8.937929865085065,8.941767081808473,0.30481687453640777,9.068224012628,4.196887441806334,144.07392810913976,0.3061391985416674,11.24544634988607,12.003079942628881
4,"(3, 'elcajon', 15)",0.6959536428340759,11.040394421075334,6.699937477885694,222.13086581685639,-1.1831032582013332,13.313215357307357,14.90405534802043,0.8065095229021746,18.18928046503212,-10.330083807863325,597.9045294289565,-0.9225776172018016,22.162894681512817,24.45208640236977
3,"(3, 'shafter', 21)",0.47078305037974766,6.444076947753436,0.8859053663132738,85.84438780435637,-0.009497217540809011,9.222774014570419,9.265224649427362,0.51638697869797,11.775794036537757,-3.752323935977661,310.0276082678222,0.20054431913622317,17.203129819398455,17.607600866325377
