,Model,NO2 CvMAE,NO2 MAE,NO2 MBE,NO2 MSE,NO2 R^2,NO2 crMSE,NO2 rMSE,O3 CvMAE,O3 MAE,O3 MBE,O3 MSE,O3 R^2,O3 crMSE,O3 rMSE
0,"(3, 'donovan', 11)",-0.009767754409430007,-0.225923348210455,-0.1912054483873507,-9.433653770436223,0.02853967697250326,-0.42764453688742066,-0.41980372396075794,-0.0055890135763314586,-0.1152844325615554,0.1956635932397126,-6.028797730551588,0.03950598913672554,-0.2357450958390821,-0.18973837702265328
1,"(3, 'elcajon', 15)",-0.011457393000195548,-0.2822804855419001,-0.40411800034724266,-23.83624492674096,0.1356685237024946,-0.31539493125911733,-0.4451229326092694,-0.02089236843375586,-0.3814820947920481,0.447668164308336,-35.99848416549435,0.16239803844663836,-0.2955195549550673,-0.5060557152521383
2,"(3, 'shafter', 21)",-0.005520320241428567,-0.07563136611615295,-0.031851705303315825,2.2937851647919985,0.038614903452448335,0.13862587550333672,0.12672975174186085,-0.005676731735079266,-0.04337228860190301,0.24924950161506199,-2.5524483449198954,0.014301198108893631,-0.08689422545382719,-0.10174253368187003
3,"(4, 'donovan', 21)",0.004191229508270999,-0.3548128173649401,-0.3398093271446846,-12.927682726517816,0.16884975088858578,-0.6328228435260375,-0.6401098098317615,-0.009189824494354792,0.028172936494875955,-0.423696530594901,-1.0773971982475246,-0.23463809918632172,0.26236430684160617,-0.03006012045468509
4,"(4, 'elcajon', 11)",-0.00022992443749236813,0.002316520101132369,0.08324329057982993,1.4335758117452997,-0.0222183280445738,0.03622250927824133,0.059621947102712625,0.007852229188617721,0.07497895219971618,-0.24887670599194944,0.8293536799012884,-0.00023500300677092856,-0.004810388502550111,0.03339253071423798
5,"(4, 'shafter', 15)",-0.006574491072002919,-0.16540796653439038,-0.21093319596686477,-8.336248490058438,0.18788528486813405,-0.0741111664872065,-0.18138143036771837,-0.009436173825893346,-0.10384427160998655,0.26157923093255064,-8.415142798492525,-0.014942816528027425,-0.09051732587537842,-0.14820280477620784
