,Model,NO2 CvMAE,NO2 MAE,NO2 MBE,NO2 MSE,NO2 R^2,NO2 crMSE,NO2 rMSE,O3 CvMAE,O3 MAE,O3 MBE,O3 MSE,O3 R^2,O3 crMSE,O3 rMSE
1,"(2, 'donovan', 15)",0.011106598508653698,0.10244907265667447,-0.09164547067757445,4.544421279532543,-0.04536489596220494,0.24629084500988085,0.22288510159430963,0.0006821047381804224,0.017376465233438054,0.11517494478131751,1.6535983344285796,-0.01900151052158172,0.057226516670707994,0.06789193900368318
2,"(2, 'elcajon', 21)",-0.006330979305048279,-0.1208791532920217,-0.14301845921548795,-2.537094762919285,0.01675221035045482,-0.2214999756197793,-0.2321344009146431,-0.0025056396099406297,-0.1845177753409173,0.1558450110164964,-6.021637381849331,0.013843104413662433,-0.2916033496468433,-0.29799740411143816
0,"(2, 'shafter', 12)",-0.00013127688345815347,0.007027187095908438,-0.15711518915512912,-5.553270653257314,0.09131447396841819,-0.2771359409252909,-0.2918512753345972,-0.0009838195012160655,0.018288673965814795,0.3835090723076511,-2.0299202402587753,0.007641701859549821,-0.11586359294169313,-0.05719716888369675
4,"(4, 'donovan', 21)",0.13811783704708003,0.6666896625620105,-0.18213331532550647,14.099270566788817,-0.23083335058692178,0.8224106700581526,0.7405419067546894,0.033132238897295385,1.5037461004755048,0.6872061215349667,45.64625408455211,-0.4401814876609229,1.500313021825633,1.5827658088742815
5,"(4, 'elcajon', 12)",0.010299344681190259,0.20389448441555835,0.005767267686756061,5.692728940565999,-0.0602574061017771,0.33389241040537954,0.33182728702630904,0.009893570827350096,0.13366831352534536,-0.07484519751048091,3.406293882314529,-0.010173154850854238,0.19293129183248148,0.19668534517656333
3,"(4, 'shafter', 15)",-0.0017931868583148658,-0.05613785819755179,-0.05834885409527546,-0.7566441346564972,0.018246819683435223,-0.024821108501903666,-0.05013951250884485,-0.0022821818231963387,-0.013742388567784758,0.031228508495968477,1.3316232966466828,-0.0102646507982872,0.05968055433694097,0.0671875370497812
