,Model,NO2 MAE,O3 MAE,NO2 CvMAE,O3 CvMAE
0,20.0,3.330434055799647,5.0191416350532245,0.2311463731741784,0.17926303247096542
1,21.0,2.475539481614829,4.806807380022837,0.2864132241092907,0.12609510634483684
2,18.0,4.014979958913753,5.099978881037687,0.28713674276527923,0.17976960909656128
3,19.0,2.624443392853836,6.022200704721786,0.3036410040001724,0.15797804618670555
4,15.0,3.6498847564514874,5.887940365393644,0.2764138956499735,0.20292632015648734
5,17.0,2.498161912319537,5.281977106681811,0.22190475050315053,0.13848610582511395
6,11.0,3.519132608592381,4.950586165773464,0.3327331444483236,0.1573059711588667
7,12.0,3.130416279056193,5.167462635055804,0.29534405580810225,0.16423370960894954
8,13.0,3.213198120696184,4.998603571410923,0.30925256092401354,0.158747306832748
