,Model,NO2 MAE,O3 MAE,NO2 CvMAE,O3 CvMAE
0,20.0,-0.06538104407600853,0.006356458195101666,-0.003155723082972045,0.00025986005348987984
1,21.0,-0.023994827092107318,0.01887908775271807,-0.00027433930762288394,7.808591371977203e-06
2,18.0,0.023479320370392465,0.12802812856354517,0.002519826043566764,0.002367913218678158
3,19.0,-0.008507284135207627,0.04347150215121154,0.001663224154327958,0.0005312412822108814
4,15.0,-0.032805117746078416,0.014265549349866014,-0.002911554771072744,2.9851483247800292e-06
5,17.0,-0.018876332286528186,0.05409502230850549,-0.0018774354258551673,0.003403466440093428
6,11.0,-0.02762627796802075,0.04342820180270657,0.004505136559380785,0.0004900871446500144
7,12.0,-0.028528663513657904,0.06894639744754194,0.0005255225377300277,0.0014359740105536478
8,13.0,-0.021991548220208212,-0.012870319761531412,0.0024461646754794786,-0.0010681353940376892
