,Model,NO2 MAE,O3 MAE,NO2 CvMAE,O3 CvMAE
0,20.0,-0.023038808507132913,0.018321821197297083,-0.0010996441286170722,0.0006200708525572751
1,21.0,-0.06658514614245092,-0.10688345074685834,-0.004278569078789429,-0.0014855272394920238
2,18.0,-0.05167249853095157,0.015959522943604476,-0.0028925485080311675,0.00024036380007541602
3,19.0,-0.061630483655164436,-0.05269100246173064,-0.003928079251170058,1.689117148667707e-05
4,15.0,0.026312075658393663,0.002369105406468286,0.00328695585651842,-0.00048516540481646775
5,17.0,-0.018418970699650483,0.00355174902495925,-0.0018610840564810827,0.002132293453188522
6,11.0,-0.07973153653222464,-0.05258960902929477,-0.0017115608466968801,-0.0022183452802295722
7,12.0,-0.08820843643822984,-0.012388304698677466,-0.004571389346329724,-0.0007343360466172677
8,13.0,-0.09707101331134282,-0.11022766568241771,-0.004762559992986026,-0.003535553205855746
