,Model,NO2 MAE,O3 MAE,NO2 CvMAE,O3 CvMAE
0,20.0,0.04316727381988805,0.061990185846592105,0.006615381803653814,0.0003219670629698024
1,21.0,0.027778030129460785,-0.05995717147121482,0.0028825729366664388,-0.0013952762910095229
2,18.0,0.04349647793531197,0.03838273359590172,0.005456686764206631,0.0002812658315616834
3,19.0,0.004809371554957309,-0.05065836645587485,0.00020190071577652624,-0.00110734175143265
4,15.0,-0.018855241351500407,-0.06100643870795608,-0.0008031503312482258,-0.0025238070888775332
5,17.0,-0.018876332286528186,0.05409502230850549,-0.0018774354258551673,0.003403466440093428
6,11.0,-0.02762627796802075,0.04342820180270657,0.004505136559380785,0.0004900871446500144
7,12.0,-0.028528663513657904,0.06894639744754194,0.0005255225377300277,0.0014359740105536478
8,13.0,-0.021991548220208212,-0.012870319761531412,0.0024461646754794786,-0.0010681353940376892
