,Model,NO2 MAE,O3 MAE,NO2 CvMAE,O3 CvMAE
0,20.0,3.3087238303678017,5.008014601460579,0.22917211402255538,0.17925116412278252
1,21.0,2.465184667257197,4.822575001300158,0.28578198177030045,0.12637603590971885
2,18.0,4.010976382788092,5.117908608008646,0.28654328512566773,0.18018265301197744
3,19.0,2.6217799990955313,6.041027119219722,0.3039356417630542,0.1583056893763756
4,15.0,3.6470946923011347,5.902995242449494,0.27599320767750857,0.20343086525769058
5,17.0,2.498161912319537,5.281977106681811,0.22190475050315053,0.13848610582511395
6,11.0,3.519132608592381,4.950586165773464,0.3327331444483236,0.1573059711588667
7,12.0,3.130416279056193,5.167462635055804,0.29534405580810225,0.16423370960894954
8,13.0,3.213198120696184,4.998603571410923,0.30925256092401354,0.158747306832748
