,Model,NO2 MAE,O3 MAE,NO2 CvMAE,O3 CvMAE
0,20.0,3.2951582983486323,5.038286947077222,0.22806158752819422,0.18032102156787724
1,21.0,2.571174821944074,5.067572604980272,0.2982251346688648,0.1331598202962867
2,18.0,3.5835154148162096,4.792348088324016,0.2582855173743653,0.1695387614787669
3,19.0,2.404446560811324,5.428438239042125,0.2788866759592293,0.14264223065890427
4,15.0,3.2601044464073063,5.460390111155743,0.2516407547205343,0.18868031969643034
5,17.0,2.8030512152061946,5.373644957781218,0.24898721635714496,0.1408895096020925
6,11.0,4.283376147003552,4.8958554002310795,0.40439838366252734,0.15563579598037322
7,12.0,2.9865139725976575,5.1053021087382895,0.2818907841432418,0.16234099954093642
8,13.0,3.2761109340369665,5.092420893376159,0.31527216674975267,0.16185406314501533
