,Model,NO2 CvMAE,NO2 MAE,NO2 MBE,NO2 MSE,NO2 R^2,NO2 crMSE,NO2 rMSE,O3 CvMAE,O3 MAE,O3 MBE,O3 MSE,O3 R^2,O3 crMSE,O3 rMSE
0,"(3, 'donovan', 11)",0.6583936523207158,7.807545826650915,3.150348826411471,136.25621811613624,-0.12157232962020426,11.239729485860934,11.672883881720757,0.3855733773617572,11.532112079876452,2.42134994523397,225.786994188662,-0.07540205048216597,14.829836760920392,15.026210240398674
1,"(3, 'elcajon', 20)",0.6699967112516874,10.68900023817123,6.208131641919713,270.7376910011675,-1.6226870221856555,15.238004868461111,16.454108635874732,0.7427213297753696,16.709945903284563,-12.759868932238517,542.8072401565468,-0.7479830108584398,19.49340877719487,23.29822397000567
2,"(3, 'shafter', 21)",0.4099783327430844,5.611782159483092,-1.0999759790576389,61.000832686921825,0.2826535031566154,7.732456652192027,7.810302983042452,0.4475247234161212,10.205445115007674,3.687377865222154,180.97203809332095,0.5333347093197651,12.937359975090004,13.452584810857761
3,"(4, 'donovan', 21)",1.0158618600237703,7.738126631705992,-1.0987821716017736,97.17161258919894,-0.4576239071997281,9.796136513237403,9.85756626095909,0.500135721243229,18.59155543249024,15.635588992026545,467.339155947661,-2.0777591881247797,14.9287478643148,21.618028493543555
4,"(4, 'elcajon', 11)",0.4089087441007802,7.908753364516565,5.147567157219881,109.32529130638055,-0.08123541041940197,9.100980401171052,10.455873531483658,0.5935697874363138,10.541350572254334,-0.031524261590908056,183.6742150294985,0.38627522070099407,13.552609395199521,13.552646052690172
5,"(4, 'shafter', 20)",0.9067192942601455,11.185100513950884,8.286701320103592,228.6857695426866,-2.2725669643720203,12.649756864474524,15.122359919757452,1.023415456499128,20.533674082998417,-14.740925982947266,657.0137405744377,-1.3473921498332873,20.969474053831114,25.63227926998373
