,Model,NO2 MAE,O3 MAE,NO2 CvMAE,O3 CvMAE
0,"(15, {(3, 'elcajon'), (1, 'shafter')})",3.1438673044231487,4.892054800118284,0.22606395949515273,0.19380054325610702
1,"(15, {(3, 'elcajon'), (2, 'donovan')})",3.0377175701557513,4.296563555214267,0.2098023227427822,0.15350462164506867
2,"(18, {(3, 'elcajon'), (1, 'shafter')})",2.6585656187543125,3.546635920476656,0.17475230307124995,0.15063223173620122
3,"(15, {(1, 'shafter'), (2, 'donovan')})",4.715281897566498,6.7473094670322356,0.4974148630119899,0.17742284568419173
4,"(18, {(1, 'shafter'), (2, 'donovan')})",4.495428212540458,5.650616854817947,0.45481685044140446,0.13893394989497476
5,"(18, {(3, 'elcajon'), (2, 'donovan')})",3.0928195054491883,3.6807652074636694,0.21396517966754186,0.1317387687228395
