,Model,NO2 CvMAE,NO2 MAE,NO2 MBE,NO2 MSE,NO2 R^2,NO2 crMSE,NO2 rMSE,O3 CvMAE,O3 MAE,O3 MBE,O3 MSE,O3 R^2,O3 crMSE,O3 rMSE
1,"(3, 'donovan', 11)",0.00015621595534554,-0.10225351038825181,-0.20794447149787798,-6.795131370787885,0.010158120775518698,-0.27801285293858236,-0.3118731397777772,-0.0033566480863867487,-0.049984014976537594,0.22607862950346513,-1.5434024985826795,0.01729430527797504,-0.1120608533130305,-0.05038566333748662
2,"(3, 'elcajon', 18)",0.006174123140825882,0.08946131833007165,-0.10192767999038352,1.9620336296104597,-0.01600838679377725,0.059685915651593646,0.06144454398645216,0.007331736666277178,0.14016048465583708,-0.035293803809118174,10.010246355202298,-0.02245609219565381,0.23442896614782427,0.21609658417416
0,"(3, 'shafter', 19)",-0.001434354223754375,-0.07459351047537677,-0.12652966134915689,4.568601578961903,0.01685874055629366,0.2678385389142317,0.23381507679938274,-0.0025139346814391783,0.017029303291311138,0.04431593080593377,0.6296595700438274,0.004791310026083906,0.03614774477323124,0.022117896271739212
4,"(4, 'donovan', 19)",0.12289606582413615,0.306313165738918,-1.2942641264971502,10.742357834361982,-0.08412170805815178,-0.03412989059820504,0.583260211363811,-0.010767022538248239,0.29201823591365894,0.9058715185733472,13.498195699881762,-0.3674304975983047,-0.4084569022762192,0.3922878869871589
5,"(4, 'elcajon', 11)",-0.0034292445055610354,-0.06043769322965353,-0.03977362038330989,-1.5240757553653594,0.009332040328443814,-0.06530138426520793,-0.07547829849458765,0.008870987975066802,0.09252410202839201,-0.06313242204816971,2.1611137520146144,-0.004903201251847511,0.07783887904556153,0.09079354242006765
3,"(4, 'shafter', 18)",0.004719901481474054,0.010234190251578568,-0.16314752228987395,-1.1877820376055865,-0.04744458407718133,-0.1464421462632668,-0.03697681281615317,-0.005651878990893366,-0.12657700870424726,0.07782434431079355,-10.702891039737494,0.02140990357630712,-0.2675493020753521,-0.2739273119766601
