,Model,NO2 CvMAE,NO2 MAE,NO2 MBE,NO2 MSE,NO2 R^2,NO2 crMSE,NO2 rMSE,O3 CvMAE,O3 MAE,O3 MBE,O3 MSE,O3 R^2,O3 crMSE,O3 rMSE
0,"(2, 'donovan', 20)",0.5579623957762895,5.793502862226232,0.1966146170179506,90.87651504157112,0.3011869261141471,9.530889661217314,9.532917446488831,0.2324749119812953,9.912889461022342,4.994537766223552,170.5070743878373,0.4143375007150585,12.064893984541069,13.057835746701567
1,"(2, 'elcajon', 21)",0.3961458360946711,4.448846290957256,0.5164952835054907,36.52899734288162,0.43345345092709076,6.021812850565423,6.043922347522478,0.2058042644902156,7.854338207426288,-0.7470413668304181,99.07445646394304,0.7666206481630715,9.925542074446092,9.95361524592663
2,"(2, 'shafter', 12)",0.46194030997029906,6.209334238016177,-0.48123611060799953,84.82053270581325,0.03197255417820222,9.197224839046521,9.209806333784291,0.3815055025810889,12.064027769981966,2.0392795867096725,256.5428422897017,0.5156522328737203,15.88660381714149,16.01695483822383
3,"(4, 'donovan', 21)",0.8945471977017267,6.814036205367259,-4.837239882463584,74.88204884590247,-0.12326904647888637,7.1751765819571265,8.653441445222963,0.30969970756315895,11.51247358671731,8.571557434423228,200.42783640107865,-0.3199591927804897,11.267485931336381,14.157253843916152
4,"(4, 'elcajon', 12)",0.2986110549696769,5.775472448912024,-1.1808410463633823,55.3358635600801,0.4527241187071659,7.344486239568681,7.4388079394537465,0.4441496878299553,7.887762593501653,-2.574276318857713,109.57936386734002,0.6338540448129425,10.146549351823406,10.468016233620391
5,"(4, 'shafter', 20)",0.37014598740174925,4.566043868408437,-2.1428378391584957,35.863564452875295,0.4867808500379871,5.5921203894869205,5.988619578239654,0.35814051116905743,7.185684450594522,3.4131757059586003,97.094917188573,0.6530972910887748,9.243654514822737,9.853675313738169
