,Model,NO2 CvMAE,NO2 MAE,NO2 MBE,NO2 MSE,NO2 R^2,NO2 crMSE,NO2 rMSE,O3 CvMAE,O3 MAE,O3 MBE,O3 MSE,O3 R^2,O3 crMSE,O3 rMSE
2,"(2, 'donovan', 20)",-0.002730918764244694,-0.11844552201272407,-0.08496491706633935,-2.0259503004676986,-0.00880908825234139,-0.10939441195069577,-0.10482494924366037,0.00034916477646956823,0.0746082286582368,0.14769683185950555,1.5521998196154243,0.016675323564218414,0.01230334820331791,0.05833890130601205
0,"(2, 'elcajon', 17)",-0.020509784574927914,-0.22463748409967543,0.1354700555897237,-7.7154255772827725,0.07079322511230313,-0.3902357308085964,-0.413003064484986,0.002273365824932927,-0.09069615604286696,0.003722227371050657,-2.274442281674908,0.007159458686143427,-0.07151391569983545,-0.06670166155344148
1,"(2, 'shafter', 13)",-0.008061661983083335,-0.07977287511081244,0.06714501767435244,-3.330470543170648,0.03290817118848399,-0.19770617213439756,-0.1932934673247999,1.704350422837564e-05,-0.11122886744671767,-0.4392297107861588,-5.020531804914299,0.0034615225550326256,-0.14582055478378209,-0.15567973328334972
5,"(4, 'donovan', 17)",0.19457521436504677,0.8498267703909175,-0.26188077635067586,124.39343413819813,-1.9835407524537434,2.702918101751017,2.606324818231627,0.04338482565601609,1.9379561991212473,0.8478677811304269,116.18666609544016,-0.9739122009365135,3.088575529655966,3.181836144442787
3,"(4, 'elcajon', 13)",-0.000491303752879757,-0.038228800070697844,0.2578951783435448,-1.3220431290044417,-0.12142813538260722,0.04006285729585457,-0.027709319622154283,0.0013951994338106122,0.06681153729515188,-0.20384651884950422,12.057331849607635,-0.04307063233523767,0.23834369609693695,0.21864995617221084
4,"(4, 'shafter', 20)",0.004436073187567113,0.016923164893797527,-0.039841542767989235,0.6644286191048892,-0.026902677976785472,0.02543976123119407,0.04157924618281328,-0.003231462924028039,-0.025943004319767482,0.008039835039467036,-0.5433625925806069,0.0026157242426774197,-0.03405981190377538,-0.030792664082699872
