,Model,NO2 CvMAE,NO2 MAE,NO2 MBE,NO2 MSE,NO2 R^2,NO2 crMSE,NO2 rMSE,O3 CvMAE,O3 MAE,O3 MBE,O3 MSE,O3 R^2,O3 crMSE,O3 rMSE
2,"(2, 'donovan', 20)",0.5776220532657015,5.9976354037693405,-0.5452035035638289,92.37286648004682,0.2896804335086992,9.595604161779695,9.611080401289275,0.23030680796946326,9.820440021097317,4.277129419590436,177.75474350986485,0.389443002775683,12.627783154147629,13.332469520305112
0,"(2, 'elcajon', 17)",0.5937867436046635,6.684794777176427,-2.8233929293089624,83.4324786651184,-0.29072997153130253,8.686825154621767,9.134138090981459,0.31877468755171345,12.158335970282254,5.37184371670039,289.5448233649513,0.3186298822125667,16.14583904590423,17.016016671505447
1,"(2, 'shafter', 13)",0.4582113912272114,6.213765493264224,0.5532890622761026,72.56340450112229,0.16147115499591502,8.500428012303711,8.518415609790491,0.39619924836915127,12.443629852811865,0.144176013526825,257.49695952644845,0.5161470543226505,16.046064101467287,16.0467117979494
5,"(4, 'donovan', 17)",1.7516482350915759,13.3428336969219,-8.998380069159342,633.3741211415016,-8.500935886290824,23.50326106622443,25.166925142764295,0.4031258692930233,14.985406214540655,7.230774103721216,393.9716726111417,-1.5945823708716302,18.484793107275916,19.84871967183631
3,"(4, 'elcajon', 13)",0.8547706298182995,16.536848850569676,-6.015005366812492,568.4273053590699,-4.6098815398756425,23.07047934261194,23.84171355752497,1.1551791342894082,20.489284504900805,2.4258114133972204,766.2682438740576,-1.6117855112689745,27.57505549897647,27.681550604582423
4,"(4, 'shafter', 20)",0.4991194858156725,6.157034103785217,-3.897726661551535,64.17126016436372,0.08168861361170399,6.9984989156858015,8.010696609182233,0.33179264436337147,6.657044291473896,2.3007523284250238,77.57252150118451,0.7228473062748315,8.501709253994067,8.807526412176378
