,Model,NO2 CvMAE,NO2 MAE,NO2 MBE,NO2 MSE,NO2 R^2,NO2 crMSE,NO2 rMSE,O3 CvMAE,O3 MAE,O3 MBE,O3 MSE,O3 R^2,O3 crMSE,O3 rMSE
2,"(2, 'donovan', 18)",-0.0009703488729297938,-0.06710847579754287,0.020756405265097033,-3.8955674784687346,-0.008575507150068717,-0.1906131386076826,-0.1851938355752889,-0.0030212215305713552,-0.11160535351514334,0.07949732941300536,-4.541371424049856,0.03131665975530196,-0.19339615447976755,-0.18791128840997295
1,"(2, 'elcajon', 17)",-0.030010518325734425,-0.3297308824354417,0.21624802622935313,-19.51219331926211,0.1713920481585025,-0.5985549906272727,-0.6364201367476454,-0.007663476709648176,-0.47853945187623737,0.2757975557246367,-30.88622501971963,0.07551976866630095,-0.7255896417815428,-0.7341158037496989
0,"(2, 'shafter', 11)",0.007285605137772988,0.04607469712003898,-0.01924970897920586,3.7141388038430776,-0.05060849650453658,0.25125037383401594,0.25089639069891945,0.003685804032350193,0.13266210667391753,-0.17133778792986956,12.256415204209674,-0.03072454364891708,0.46841646370426737,0.4685197582818734
5,"(4, 'donovan', 17)",-0.04835942808718885,-0.7562920000472548,-0.151768407573305,-24.48180754032498,0.34030550037707363,-1.3320704258604437,-1.2003433296541317,0.002000104998162,0.3662059796357138,-0.47695441453413734,-12.935753305762518,-0.10568856196821907,-0.36022945682770136,-0.4111202928186444
4,"(4, 'elcajon', 11)",-0.001974471837848879,-0.03439896721692293,-0.10013605921817048,-1.060020317448327,0.007859568084329194,-0.08384429577162145,-0.07780218631006086,0.0015843714701959666,-0.009880657916879088,0.005006852010769114,-0.047443348865819246,0.001024749566016836,-0.0022309518523977445,-0.0032737263540365547
3,"(4, 'shafter', 18)",0.003831548298197762,0.02973903822932833,-0.031223967725657498,4.521275321028675,-0.07469889547231323,0.34581490311571716,0.34699865591570855,-0.000371996464044122,-0.012717405410307414,-0.06679814812862883,5.409599141372652,-0.022349047411447276,0.40009878453454917,0.32235632644438006
