,Model,NO2 CvMAE,NO2 MAE,NO2 MBE,NO2 MSE,NO2 R^2,NO2 crMSE,NO2 rMSE,O3 CvMAE,O3 MAE,O3 MBE,O3 MSE,O3 R^2,O3 crMSE,O3 rMSE
0,"(2, 'donovan', 18)",0.5627681693070662,5.850053118409022,1.7057204440076401,100.06525051438068,0.2287763088864837,9.856762602795179,10.003261993688893,0.19824969204276635,8.44635317607218,0.6066714731696151,132.53590370999603,0.5443078947542006,11.4964278514322,11.51242388509023
1,"(2, 'elcajon', 21)",0.38776821540555234,4.354762892032105,0.15481045207440164,34.492887548741024,0.46503249939031666,5.87102389228252,5.8730645789690605,0.2076490391503469,7.924742404992613,-2.2203906391792803,104.88034087389948,0.7529443325031528,9.997510004221239,10.241110334036026
2,"(2, 'shafter', 11)",0.4226958762164442,5.674740655302628,-0.33271792175995774,78.32613189658946,0.0722969659003515,8.84394887578035,8.850205189519023,0.3021291319457272,9.532866347654954,-1.584511407584073,162.30793695492167,0.6945320922533853,12.64109410819971,12.740013224283626
3,"(4, 'donovan', 21)",0.9034976241907555,6.882214307435447,-4.560162547396774,71.24968491422293,-0.06878172898576684,7.103140338693683,8.440952843975786,0.3686806373545032,13.704972900603174,10.721912659508043,264.7820909588379,-0.7437775177364381,12.240207463827987,16.27212619662341
4,"(4, 'elcajon', 11)",0.23271770844350492,4.501021282101859,-0.7104296507587045,35.22024238775322,0.6516691354933474,5.8919888072440845,5.934664471370999,0.3199546531900437,5.68215269356542,-1.896047830817236,50.453599708645896,0.8314155073914098,6.845334345124396,7.103069738405072
5,"(4, 'shafter', 18)",0.39070265007350363,4.8221510080616685,-0.5215141810887404,44.69338700631211,0.36065621849201956,6.664938854481122,6.685311287166224,0.2856893250900225,5.723862824915069,3.460497976907449,77.37925107767408,0.7227247214652925,8.087286617099698,8.79654767949757
