,Model,NO2 CvMAE,NO2 MAE,NO2 MBE,NO2 MSE,NO2 R^2,NO2 crMSE,NO2 rMSE,O3 CvMAE,O3 MAE,O3 MBE,O3 MSE,O3 R^2,O3 crMSE,O3 rMSE
2,"(3, 'donovan', 11)",0.009615598925710178,0.014043039727170914,-0.26589866797822514,-1.9438056149486442,-0.026550006357025757,-0.12207224336496125,-0.09162111134042839,0.0008588847442287384,0.06977339658623904,0.3686737459398972,0.36402656732755645,0.0057933168925040635,-0.021482800548461967,0.0136293151671385
0,"(3, 'elcajon', 18)",0.0016563025858996605,0.017196747715839678,0.05704302489702684,0.1774708355719099,0.002372814132122869,0.011035547123846356,0.004769848125604881,0.004573648701811761,0.08182380807770784,-0.16440114069943945,4.483847116609866,-0.007951236435958187,0.051090452623601124,0.11902148952047398
1,"(3, 'shafter', 17)",-0.0017794212839604695,-0.024460577233849534,0.05889165009128927,4.475047259644555,0.04514400011836095,0.2505464953669456,0.2020733405616415,-0.005776523634294262,-0.014715151328349663,0.0825028082677628,0.1617890086887428,0.012553561728734564,-0.03526140124628263,0.004954242808160814
5,"(4, 'donovan', 17)",-0.01952307630253669,-0.7911314327432137,0.2970391391892111,-12.898973735451136,0.14362410822218186,-0.3329008164652585,-0.4457219328278157,-0.046875913421987825,-1.1836226709860789,-0.6737238169759081,-37.651593053934334,-0.2507643631656511,-0.3554645525953575,-0.7414229847149585
3,"(4, 'elcajon', 11)",0.0039199436079452865,0.08258921811706088,0.11035343878721449,3.8457388352918827,-0.046650146983558516,0.12029425867032373,0.15393986580519758,0.00824308994286227,0.08059888261172254,-0.19829968061182868,1.2028414385405881,-0.001565052437388359,-0.007126875872625504,0.04920075718770889
4,"(4, 'shafter', 18)",0.004181510689291512,-0.013370228790574146,-0.03991479152656652,-3.5591153464328045,-0.07001363122460358,-0.12322320269689158,-0.0809349034299629,-0.005469818057257547,-0.12706976038939288,-0.08341520386475132,-9.907626198990215,0.006247559326990615,-0.1733544169682908,-0.19234177848043643
