,Model,NO2 CvMAE,NO2 MAE,NO2 MBE,NO2 MSE,NO2 R^2,NO2 crMSE,NO2 rMSE,O3 CvMAE,O3 MAE,O3 MBE,O3 MSE,O3 R^2,O3 crMSE,O3 rMSE
2,"(3, 'donovan', 11)",0.589815484824514,6.994313220979436,-1.3169266895796015,111.55663146723454,0.08173856012468084,10.479615252136938,10.56203727825435,0.351389413210414,10.509704079030728,1.4526159939595729,178.5258945386454,0.1496980871688185,13.282161016939478,13.361358259497624
0,"(3, 'elcajon', 18)",0.7028716538641252,11.209538654235063,-1.9936102313886712,346.17542897196984,-2.3544004302874533,18.49867409562322,18.60579020014925,0.6274280779563852,14.123160303607383,-8.479274213690573,357.0513700759969,-0.14984390331794661,16.886482110465497,18.895802975158183
1,"(3, 'shafter', 17)",0.6374144517003555,8.724927057280176,-4.656623946633919,124.85528334310591,-0.4682504512396146,10.157319379630337,11.173866087577116,0.5505695948871119,12.555301391444921,7.277656534419777,266.69521424806805,0.31228381471880273,14.619539443501754,16.330805682760055
5,"(4, 'donovan', 17)",1.5624381714307767,11.90156349059074,-8.999584249736976,202.9739705270939,-2.0447134105957114,11.044521451465013,14.246893364066915,0.5713625215664012,21.23927074303725,18.802817547426194,626.0368075345745,-3.1228955716041673,16.5072972786532,25.020727558058226
3,"(4, 'elcajon', 11)",0.47900271266656885,9.264449269102974,4.954860148400765,157.95493837976437,-0.5621863027850746,11.550077895254805,12.568012507145447,0.5552897484624555,9.861526027130742,-3.5534403436154194,150.02356255394122,0.49871473356627105,11.721630614609534,12.24841061337924
4,"(4, 'shafter', 18)",1.35736088143112,16.752891595347897,-12.117312933005085,481.67304253243344,-5.8903854706658825,18.298736861075678,21.947050884627608,0.925177540606208,18.536182020289182,11.58286579452838,658.389010308032,-1.3592241288830689,22.89598692114819,25.65909215673914
