,Model,NO2 CvMAE,NO2 MAE,NO2 MBE,NO2 MSE,NO2 R^2,NO2 crMSE,NO2 rMSE,O3 CvMAE,O3 MAE,O3 MBE,O3 MSE,O3 R^2,O3 crMSE,O3 rMSE
1,"(3, 'donovan', 12)",0.6376552730513324,7.5637160902373095,-1.5528384689624648,110.28078533344859,0.09542209752268027,10.386023199539062,10.501465865937412,0.3799005002667433,11.358110680683879,4.274552113407614,200.57035755584414,0.04450204858960405,13.501798498419733,14.162286452259188
2,"(3, 'elcajon', 18)",0.6977827416577859,11.128379657750624,1.9547866887624776,275.6187167648755,-1.6707139350038465,16.486282954170424,16.601768483052506,0.6118089447795116,13.77157973300418,-10.019051338157922,360.7440727340286,-0.16173583818771053,16.135757894127366,18.993263877860187
0,"(3, 'shafter', 17)",0.5122122308549992,7.011159442863524,-0.2819360383682498,93.28306016099667,-0.09697316370679743,9.654199714527607,9.658315596469018,0.41120900261434923,9.377294007231187,2.59761960874421,155.1378554829976,0.5999522733608795,12.181552782283786,12.455434776955704
4,"(4, 'donovan', 17)",1.6069880439181874,12.240913325740445,-2.7386160956100283,217.40507893465528,-2.26118742046092,14.488100561777669,14.744662727056705,0.4196289300956197,15.598874832528079,10.884235251334406,373.1006378634727,-1.457131831701521,15.957257282648701,19.315813155636825
5,"(4, 'elcajon', 12)",0.4167228101618154,8.05988615916166,1.6168244057949244,109.13744421218014,-0.07937758843176446,10.321013664054268,10.4468868191524,0.521109299866322,9.254507107038856,-1.5416190330297064,137.49153938413647,0.5405889463011573,11.623895752145724,11.725678632136242
3,"(4, 'shafter', 18)",0.9515241588106874,11.743952032935441,-6.486923291943042,235.48824386160948,-2.3686850430443176,13.90712302181259,15.345626212755525,0.45867795340825573,9.189736736905932,-0.7368854972443611,163.32486060857212,0.41475336622959036,12.75859945337862,12.779861525406766
