,Model,NO2 CvMAE,NO2 MAE,NO2 MBE,NO2 MSE,NO2 R^2,NO2 crMSE,NO2 rMSE,O3 CvMAE,O3 MAE,O3 MBE,O3 MSE,O3 R^2,O3 crMSE,O3 rMSE
0,"(2, 'donovan', 18)",0.6418497116755336,6.6721167118615154,2.9003636965899813,121.59402323375942,0.06284958131188889,10.638698882737978,11.026967998219611,0.2637347314845651,11.236318523181682,6.141938635512597,220.7627558521636,0.24096156469222862,13.529203434306423,14.858087220505997
1,"(2, 'elcajon', 19)",0.9592589053084093,10.796831780714898,-3.9670006468957446,259.11825264556694,-3.0142042602172383,15.60067815135005,16.09715045110677,0.4156289400818766,15.866519410552135,-3.8959685496410974,438.81911550999,-0.03313858669999914,20.582530264670705,20.948009822176186
2,"(2, 'shafter', 12)",0.49344503694637976,6.632816180703767,1.0524879812660106,116.50011207501055,-0.329575544179487,10.742084670435995,10.79352176423481,0.35662503305355264,11.277253599544965,-1.2068136032545982,199.87732415025764,0.6226356004038117,14.08619625865556,14.137797712170649
3,"(3, 'donovan', 12)",0.36988700993977053,4.38751226076035,1.231607244493964,54.53178820553417,0.5527031255340717,7.281135313464009,7.384564185213246,0.23473687732365497,7.018067708803132,0.3246744614910703,85.10844306587592,0.5945515379832196,9.219708757347146,9.22542373367619
4,"(3, 'elcajon', 18)",0.3214596958993483,5.126703953918425,2.19158405021015,58.80585168302134,0.4301780031738789,7.348660488470808,7.668497354959532,0.3134684717758971,7.056052530256017,-1.4704497387628146,96.22606016811636,0.690114762475035,9.698651255803803,9.809488272489874
5,"(3, 'shafter', 19)",0.5861689441209292,8.156361117972441,0.9482463381225981,171.3295766753891,-0.9787542090725827,13.054899620315751,13.089292443649851,0.5539901310832118,12.673503066869355,-9.073866963246095,343.7631016220653,0.16659356170252504,16.16873638957054,18.540849538844363
