,Model,NO2 CvMAE,NO2 MAE,NO2 MBE,NO2 MSE,NO2 R^2,NO2 crMSE,NO2 rMSE,O3 CvMAE,O3 MAE,O3 MBE,O3 MSE,O3 R^2,O3 crMSE,O3 rMSE
2,"(2, 'donovan', 20)",0.7704578844180745,7.999911808376682,4.294901143559665,154.41470802933134,-0.18740267187624715,11.660554554467149,12.426371474784235,0.2710580530238526,11.558101019354616,6.004286925854354,222.20430579471264,0.23676639487933293,13.643784085604286,14.90651890263829
1,"(2, 'elcajon', 17)",1.0603376685241634,11.937180789123442,4.564917027889131,524.4306614854775,-7.113127928108545,22.440860361783344,22.900451119693635,0.5511002193649196,21.019428085073272,3.8366340262133085,736.1589355677105,-0.7323628680655583,26.859620021909798,27.132248995756147
0,"(2, 'shafter', 13)",0.4253577462268195,5.768240022837498,-0.7023470866231998,91.40185977335875,-0.05622243655608061,9.534598452881742,9.560431986754509,0.3488756811962371,10.957314682759478,4.15319343444252,194.71256773886233,0.6341228664054493,13.321544656893145,13.953944522566454
5,"(3, 'donovan', 13)",0.4525961533428144,5.313690409546042,-0.4102016520929308,79.92456603519418,0.3500403932749918,8.9306383043456,8.940054028650732,0.31407155166353623,9.343548288821646,5.62384266704054,155.90230924316646,0.24917365230214794,11.147856426305252,12.486084624219334
4,"(3, 'elcajon', 20)",0.39767976615476763,6.344507433779564,4.14633883921156,68.99596697393146,0.3316230684522614,7.19748853635908,8.306381099728778,0.29789121984218936,6.702037452097834,-1.0522097365971053,109.58047556964976,0.6471218593873321,10.41505320278388,10.468069333437267
3,"(3, 'shafter', 17)",0.48394676750056426,6.624261867275447,1.319335827553281,92.91893894479024,-0.09269123725814365,9.548732393063736,9.63944702484485,0.5293815020739658,12.07212379927603,0.7080059144733235,268.65706640906626,0.3072248657307177,16.37546316856849,16.390761617724365
